voyage_id,start_idx,end_idx,dep_time,arr_time,valid_flag,invalid_reason,arrive_mode,arrive_conf,moored_start,moored_end,approach_start,anchorage_flag,waiting_time_proxy_min,dest_port,dest_unlocode,dest_port_lat,dest_port_lon,dest_port_dist_km,origin_port,origin_unlocode,origin_port_lat,origin_port_lon,origin_port_dist_km
1,634,644,2025-01-01 21:09:15,2025-01-01 21:29:15,False,R0_same_cluster,start_to_moored,0.75,2025-01-01 21:31:15,2025-01-03 11:59:15,,False,,TAIPEI,TWTPE,25.159,121.39100000000002,0.6304898363220816,TAIPEI,TWTPE,25.159,121.39100000000002,0.662882692918479
2,1798,2882,2025-01-03 12:01:15,2025-01-05 02:43:15,False,R0_same_cluster,start_to_moored,0.75,2025-01-05 02:45:15,2025-01-05 21:09:15,,False,,TAIPEI,TWTPE,25.159,121.39100000000002,0.32093336824621094,TAIPEI,TWTPE,25.159,121.39100000000002,0.6304898363220816
3,3436,3841,2025-01-05 21:11:15,2025-01-06 11:53:15,True,,start_to_anchored,0.5,,,,False,,HUALIEN,TWHUN,23.97613,121.62560000000002,0.745389382731194,TAIPEI,TWTPE,25.159,121.39100000000002,0.32093336824621094
4,3863,3864,2025-01-06 12:37:15,2025-01-06 12:39:15,False,R0_same_cluster,start_to_anchored,0.5,,,,False,,HUALIEN,TWHUN,23.97613,121.62560000000002,0.7443599071603302,HUALIEN,TWHUN,23.97613,121.62560000000002,0.745389382731194
5,3894,3906,2025-01-06 13:39:15,2025-01-06 14:03:15,False,R0_same_cluster,start_to_anchored,0.5,,,,False,,HUALIEN,TWHUN,23.97613,121.62560000000002,0.7448065527826476,HUALIEN,TWHUN,23.97613,121.62560000000002,0.7443599071603302
6,3923,4511,2025-01-06 14:37:15,2025-01-07 11:27:15,True,,start_to_moored,0.75,2025-01-07 11:29:15,2025-01-08 04:01:15,,False,,TAIPEI,TWTPE,25.159,121.39100000000002,0.32418464808820363,HUALIEN,TWHUN,23.97613,121.62560000000002,0.7448065527826476
7,5008,5657,2025-01-08 04:03:15,2025-01-09 08:33:15,False,R5_missing_time_gap,start_to_moored,0.75,2025-01-09 08:35:15,2025-01-09 14:43:15,,False,,LUOYUAN,CNLYA,26.46016,119.67079999999999,2.788657795494009,TAIPEI,TWTPE,25.159,121.39100000000002,0.32418464808820363
8,5840,6101,2025-01-09 14:45:15,2025-01-10 09:27:15,False,R5_missing_time_gap,start_to_moored,0.75,2025-01-10 09:29:16,2025-01-11 02:45:15,,False,,TAIPEI,TWTPE,25.159,121.39100000000002,0.6246258648358721,LUOYUAN,CNLYA,26.46016,119.67079999999999,2.788657795494009
9,6620,7033,2025-01-11 02:47:15,2025-01-11 18:29:15,True,,start_to_anchored,0.5,,,,False,,HUALIEN,TWHUN,23.97613,121.62560000000002,0.7395901914577232,TAIPEI,TWTPE,25.159,121.39100000000002,0.6246258648358721
10,7061,7082,2025-01-11 19:25:15,2025-01-11 20:07:15,False,R0_same_cluster,start_to_anchored,0.5,,,,False,,HUALIEN,TWHUN,23.97613,121.62560000000002,0.7387593210148915,HUALIEN,TWHUN,23.97613,121.62560000000002,0.7395901914577232
11,7112,7199,2025-01-11 21:07:15,2025-01-12 00:01:15,False,R0_same_cluster,start_to_anchored,0.5,,,,False,,HUALIEN,TWHUN,23.97613,121.62560000000002,0.744107563331673,HUALIEN,TWHUN,23.97613,121.62560000000002,0.7387593210148915
12,7216,7706,2025-01-12 00:35:15,2025-01-12 18:17:14,True,,start_to_moored,0.75,2025-01-12 18:19:15,2025-01-13 17:23:14,,False,,TAIPEI,TWTPE,25.159,121.39100000000002,0.3221499783425196,HUALIEN,TWHUN,23.97613,121.62560000000002,0.744107563331673
13,8398,8709,2025-01-13 17:25:14,2025-01-14 08:11:14,False,R5_missing_time_gap,start_to_moored,0.75,2025-01-14 08:13:15,2025-01-14 15:27:14,,False,,LUOYUAN,CNLYA,26.46016,119.67079999999999,2.72591890705429,TAIPEI,TWTPE,25.159,121.39100000000002,0.3221499783425196
14,8926,9725,2025-01-14 15:29:14,2025-01-16 08:51:14,False,R5_missing_time_gap,start_to_moored,0.75,2025-01-16 08:53:14,2025-01-18 01:31:14,,False,,TAIPEI,TWTPE,25.159,121.39100000000002,0.43526571952784016,LUOYUAN,CNLYA,26.46016,119.67079999999999,2.72591890705429
15,10945,11273,2025-01-18 01:33:14,2025-01-18 17:19:14,False,R5_missing_time_gap,start_to_moored,0.75,2025-01-18 17:21:14,2025-01-19 12:03:14,,False,,FUZHOU,CNFOC,26.00031,119.43510000000003,4.544127467436223,TAIPEI,TWTPE,25.159,121.39100000000002,0.43526571952784016
16,11836,12047,2025-01-19 12:05:13,2025-01-20 02:17:13,False,R5_missing_time_gap,start_to_moored,0.75,2025-01-20 02:19:13,2025-01-22 04:31:13,,False,,TAIPEI,TWTPE,25.159,121.39100000000002,0.3238178057446798,FUZHOU,CNFOC,26.00031,119.43510000000003,4.544127467436223
17,13554,14258,2025-01-22 04:33:13,2025-01-23 09:35:13,False,R5_missing_time_gap,start_to_moored,0.75,2025-01-23 09:37:13,2025-01-23 15:25:13,,False,,FUZHOU,CNFOC,26.00031,119.43510000000003,4.54645769950801,TAIPEI,TWTPE,25.159,121.39100000000002,0.3238178057446798
18,14433,14668,2025-01-23 15:27:13,2025-01-24 05:53:13,False,R5_missing_time_gap,start_to_moored,0.75,2025-01-24 05:55:14,2025-01-25 00:51:13,,False,,TAIPEI,TWTPE,25.159,121.39100000000002,0.32773028048970543,FUZHOU,CNFOC,26.00031,119.43510000000003,4.54645769950801
19,15235,15235,2025-01-25 00:53:14,2025-01-25 00:53:14,False,R0_same_cluster,start_to_moored,0.75,2025-01-25 00:55:14,2025-01-25 02:23:13,,False,,TAIPEI,TWTPE,25.159,121.39100000000002,0.3356088655348458,TAIPEI,TWTPE,25.159,121.39100000000002,0.32773028048970543
20,15281,15670,2025-01-25 02:25:14,2025-01-25 16:31:13,True,,start_to_moored,0.75,2025-01-25 16:33:13,2025-01-25 17:49:12,,False,,HUALIEN,TWHUN,23.97613,121.62560000000002,0.7482019639295927,TAIPEI,TWTPE,25.159,121.39100000000002,0.3356088655348458
21,15710,15710,2025-01-25 17:51:13,2025-01-25 17:51:13,False,R0_same_cluster,start_to_moored,0.75,2025-01-25 17:53:13,2025-01-25 19:03:12,,False,,HUALIEN,TWHUN,23.97613,121.62560000000002,0.7456668604030392,HUALIEN,TWHUN,23.97613,121.62560000000002,0.7482019639295927
22,15747,15757,2025-01-25 19:05:13,2025-01-25 19:25:13,False,R0_same_cluster,start_to_anchored,0.5,,,,False,,HUALIEN,TWHUN,23.97613,121.62560000000002,0.7428796466107879,HUALIEN,TWHUN,23.97613,121.62560000000002,0.7456668604030392
23,15776,16363,2025-01-25 20:03:15,2025-01-26 16:37:13,True,,start_to_moored,0.75,2025-01-26 16:39:13,2025-02-01 18:11:11,,False,,TAIPEI,TWTPE,25.159,121.39100000000002,0.3225728058842012,HUALIEN,TWHUN,23.97613,121.62560000000002,0.7428796466107879
24,20730,22358,2025-02-01 18:13:11,2025-02-04 04:51:11,False,R0_same_cluster,start_to_moored,0.75,2025-02-04 04:53:11,2025-02-05 04:53:11,,False,,TAIPEI,TWTPE,25.159,121.39100000000002,0.43674141718673076,TAIPEI,TWTPE,25.159,121.39100000000002,0.3225728058842012
25,23079,23487,2025-02-05 04:55:11,2025-02-05 19:05:11,True,,start_to_moored,0.75,2025-02-05 19:07:11,2025-02-05 20:21:11,,False,,HUALIEN,TWHUN,23.97613,121.62560000000002,0.7437945876031586,TAIPEI,TWTPE,25.159,121.39100000000002,0.43674141718673076
26,23526,24191,2025-02-05 20:23:11,2025-02-06 21:31:11,True,,start_to_moored,0.75,2025-02-06 21:33:11,2025-02-08 04:27:11,,False,,TAIPEI,TWTPE,25.159,121.39100000000002,0.32287581731530046,HUALIEN,TWHUN,23.97613,121.62560000000002,0.7437945876031586
27,25117,25816,2025-02-08 04:29:11,2025-02-09 05:57:12,True,,start_to_anchored,0.5,,,,False,,HUALIEN,TWHUN,23.97613,121.62560000000002,0.7413675688719081,TAIPEI,TWTPE,25.159,121.39100000000002,0.32287581731530046
28,25836,26400,2025-02-09 06:37:12,2025-02-10 02:21:11,True,,start_to_moored,0.75,2025-02-10 02:23:11,2025-02-11 16:55:10,,False,,TAIPEI,TWTPE,25.159,121.39100000000002,0.4354354528904393,HUALIEN,TWHUN,23.97613,121.62560000000002,0.7413675688719081
29,27557,27916,2025-02-11 16:57:10,2025-02-12 10:11:11,False,R5_missing_time_gap,start_to_moored,0.75,2025-02-12 10:13:11,2025-02-13 14:39:11,,False,,NINGDE,CNNDE,26.76358,119.70690000000002,7.2795624131122505,TAIPEI,TWTPE,25.159,121.39100000000002,0.4354354528904393
30,28731,29002,2025-02-13 14:41:11,2025-02-14 05:55:10,False,R5_missing_time_gap,start_to_moored,0.75,2025-02-14 05:57:10,2025-02-15 00:31:10,,False,,TAIPEI,TWTPE,25.159,121.39100000000002,0.5658891316087982,NINGDE,CNNDE,26.76358,119.70690000000002,7.2795624131122505
31,29561,29812,2025-02-15 00:33:10,2025-02-15 14:25:10,False,R5_missing_time_gap,start_to_moored,0.75,2025-02-15 14:27:10,2025-02-16 10:57:10,,False,,FUZHOU,CNFOC,26.00031,119.43510000000003,4.545638296044617,TAIPEI,TWTPE,25.159,121.39100000000002,0.5658891316087982
32,30406,30639,2025-02-16 10:59:10,2025-02-17 01:31:10,False,R5_missing_time_gap,start_to_moored,0.75,2025-02-17 01:33:10,2025-02-19 03:37:10,,False,,TAIPEI,TWTPE,25.159,121.39100000000002,0.3193313288812242,FUZHOU,CNFOC,26.00031,119.43510000000003,4.545638296044617
33,32143,32393,2025-02-19 03:39:10,2025-02-19 17:01:10,False,R5_missing_time_gap,start_to_moored,0.75,2025-02-19 17:03:10,2025-02-20 12:23:10,,False,,LUOYUAN,CNLYA,26.46016,119.67079999999999,2.799702563246737,TAIPEI,TWTPE,25.159,121.39100000000002,0.3193313288812242
34,32965,33221,2025-02-20 12:25:11,2025-02-21 04:23:09,False,R5_missing_time_gap,start_to_moored,0.75,2025-02-21 04:25:09,2025-02-21 21:37:09,,False,,TAIPEI,TWTPE,25.159,121.39100000000002,0.31753075529819513,LUOYUAN,CNLYA,26.46016,119.67079999999999,2.799702563246737
35,33738,34117,2025-02-21 21:39:09,2025-02-22 16:05:09,False,R5_missing_time_gap,start_to_moored,0.75,2025-02-22 16:07:09,2025-02-23 16:01:10,,False,,FUZHOU,CNFOC,26.00031,119.43510000000003,4.495401990579879,TAIPEI,TWTPE,25.159,121.39100000000002,0.31753075529819513
36,34819,35106,2025-02-23 16:03:09,2025-02-24 12:09:17,False,R5_missing_time_gap,start_to_moored,0.75,2025-02-24 12:11:13,2025-02-25 12:01:09,,False,,TAIPEI,TWTPE,25.159,121.39100000000002,0.31723641099620853,FUZHOU,CNFOC,26.00031,119.43510000000003,4.495401990579879
37,35822,36250,2025-02-25 12:03:09,2025-02-26 02:55:09,True,,start_to_moored,0.75,2025-02-26 02:57:09,2025-02-26 04:07:14,,False,,HUALIEN,TWHUN,23.97613,121.62560000000002,0.7610402537199767,TAIPEI,TWTPE,25.159,121.39100000000002,0.31723641099620853
38,36287,36288,2025-02-26 04:09:09,2025-02-26 04:11:09,False,R0_same_cluster,start_to_anchored,0.5,,,,False,,HUALIEN,TWHUN,23.97613,121.62560000000002,0.7578552955247427,HUALIEN,TWHUN,23.97613,121.62560000000002,0.7610402537199767
39,36309,36335,2025-02-26 04:53:09,2025-02-26 05:45:09,False,R0_same_cluster,start_to_anchored,0.5,,,,False,,HUALIEN,TWHUN,23.97613,121.62560000000002,0.7551616348780166,HUALIEN,TWHUN,23.97613,121.62560000000002,0.7578552955247427
40,36352,36795,2025-02-26 06:19:09,2025-02-26 21:53:09,True,,start_to_moored,0.75,2025-02-26 21:55:09,2025-02-27 23:13:00,,False,,TAIPEI,TWTPE,25.159,121.39100000000002,0.3211449092345804,HUALIEN,TWHUN,23.97613,121.62560000000002,0.7551616348780166
41,37550,39338,2025-02-27 23:15:00,2025-03-02 16:31:00,False,R5_missing_time_gap,start_to_moored,0.75,2025-03-02 16:33:00,2025-03-03 10:49:00,,False,,FUZHOU,CNFOC,26.00031,119.43510000000003,4.546407430209935,TAIPEI,TWTPE,25.159,121.39100000000002,0.3211449092345804
42,39878,40117,2025-03-03 10:51:00,2025-03-04 01:03:00,False,R5_missing_time_gap,start_to_moored,0.75,2025-03-04 01:05:00,2025-03-04 20:46:59,,False,,TAIPEI,TWTPE,25.159,121.39100000000002,0.43710277372622597,FUZHOU,CNFOC,26.00031,119.43510000000003,4.546407430209935
43,40707,41797,2025-03-04 20:48:59,2025-03-06 12:18:59,False,R0_same_cluster,start_to_moored,0.75,2025-03-06 12:20:59,2025-03-07 03:12:59,,False,,TAIPEI,TWTPE,25.159,121.39100000000002,0.3197596006597474,TAIPEI,TWTPE,25.159,121.39100000000002,0.43710277372622597
44,42243,42706,2025-03-07 03:14:59,2025-03-07 19:06:59,True,,start_to_anchored,0.5,,,,False,,HUALIEN,TWHUN,23.97613,121.62560000000002,0.7769471604200122,TAIPEI,TWTPE,25.159,121.39100000000002,0.3197596006597474
45,42724,42732,2025-03-07 19:42:59,2025-03-07 19:58:59,False,R0_same_cluster,start_to_anchored,0.5,,,,False,,HUALIEN,TWHUN,23.97613,121.62560000000002,0.77178967909987,HUALIEN,TWHUN,23.97613,121.62560000000002,0.7769471604200122
46,42752,43263,2025-03-07 20:38:59,2025-03-08 14:30:59,True,,start_to_moored,0.75,2025-03-08 14:32:59,2025-03-09 07:10:59,,False,,TAIPEI,TWTPE,25.159,121.39100000000002,0.4371634226035111,HUALIEN,TWHUN,23.97613,121.62560000000002,0.77178967909987
47,43762,44093,2025-03-09 07:12:59,2025-03-09 19:44:59,True,,start_to_anchored,0.5,,,,False,,HUALIEN,TWHUN,23.97613,121.62560000000002,0.7599364656580683,TAIPEI,TWTPE,25.159,121.39100000000002,0.4371634226035111
48,44124,44125,2025-03-09 20:46:59,2025-03-09 20:48:59,False,R0_same_cluster,start_to_moored,0.75,2025-03-09 20:50:59,2025-03-09 23:40:59,,False,,HUALIEN,TWHUN,23.97613,121.62560000000002,0.7576513363171992,HUALIEN,TWHUN,23.97613,121.62560000000002,0.7599364656580683
49,44212,44735,2025-03-09 23:42:59,2025-03-10 18:10:59,False,R5_missing_time_gap,start_to_moored,0.75,2025-03-10 18:12:59,2025-03-11 18:52:59,,False,,TAIPEI,TWTPE,25.159,121.39100000000002,0.32017345330897273,HUALIEN,TWHUN,23.97613,121.62560000000002,0.7576513363171992
50,45476,45944,2025-03-11 18:54:59,2025-03-12 16:09:00,False,R5_missing_time_gap,start_to_moored,0.75,2025-03-12 16:11:00,2025-03-13 08:39:00,,False,,LUOYUAN,CNLYA,26.46016,119.67079999999999,2.727411223754509,TAIPEI,TWTPE,25.159,121.39100000000002,0.32017345330897273
51,46373,46613,2025-03-13 08:41:00,2025-03-13 23:47:00,False,R5_missing_time_gap,start_to_moored,0.75,2025-03-13 23:48:59,2025-03-14 23:54:59,,False,,TAIPEI,TWTPE,25.159,121.39100000000002,0.4332629830117405,LUOYUAN,CNLYA,26.46016,119.67079999999999,2.727411223754509
52,47329,47571,2025-03-14 23:56:59,2025-03-15 15:07:00,False,R5_missing_time_gap,start_to_moored,0.75,2025-03-15 15:09:00,2025-03-16 10:01:00,,False,,LUOYUAN,CNLYA,26.46016,119.67079999999999,2.796565677792153,TAIPEI,TWTPE,25.159,121.39100000000002,0.4332629830117405
53,48138,48384,2025-03-16 10:03:00,2025-03-17 02:01:00,False,R5_missing_time_gap,start_to_moored,0.75,2025-03-17 02:02:59,2025-03-18 00:18:59,,False,,TAIPEI,TWTPE,25.159,121.39100000000002,0.32296796513340814,LUOYUAN,CNLYA,26.46016,119.67079999999999,2.796565677792153
54,49054,49305,2025-03-18 00:20:59,2025-03-18 15:27:03,False,R5_missing_time_gap,start_to_moored,0.75,2025-03-18 18:30:59,2025-03-19 11:08:59,,False,,FUZHOU,CNFOC,26.00031,119.43510000000003,4.542853901378314,TAIPEI,TWTPE,25.159,121.39100000000002,0.32296796513340814
55,49644,49892,2025-03-19 11:11:00,2025-03-20 02:48:59,False,R5_missing_time_gap,start_to_moored,0.75,2025-03-20 02:50:59,2025-03-21 01:48:59,,False,,TAIPEI,TWTPE,25.159,121.39100000000002,0.4358386354188811,FUZHOU,CNFOC,26.00031,119.43510000000003,4.542853901378314
56,50560,50791,2025-03-21 01:50:59,2025-03-21 16:21:00,False,R5_missing_time_gap,start_to_moored,0.75,2025-03-21 16:22:59,2025-03-22 13:16:59,,False,,FUZHOU,CNFOC,26.00031,119.43510000000003,4.547125433547827,TAIPEI,TWTPE,25.159,121.39100000000002,0.4358386354188811
57,51405,51599,2025-03-22 13:18:59,2025-03-23 03:18:59,False,R5_missing_time_gap,start_to_moored,0.75,2025-03-23 03:20:59,2025-03-23 19:14:59,,False,,TAIPEI,TWTPE,25.159,121.39100000000002,0.4380321632968061,FUZHOU,CNFOC,26.00031,119.43510000000003,4.547125433547827
58,52077,52347,2025-03-23 19:16:59,2025-03-24 10:00:59,False,R5_missing_time_gap,start_to_moored,0.75,2025-03-24 10:02:59,2025-03-25 09:16:59,,False,,FUZHOU,CNFOC,26.00031,119.43510000000003,4.54952862165549,TAIPEI,TWTPE,25.159,121.39100000000002,0.4380321632968061
59,53039,53045,2025-03-25 09:18:59,2025-03-25 09:30:59,False,R0_same_cluster,start_to_moored,0.75,2025-03-25 09:33:00,2025-03-27 07:36:59,,False,,FUZHOU,CNFOC,26.00031,119.43510000000003,4.66885917197282,FUZHOU,CNFOC,26.00031,119.43510000000003,4.54952862165549
60,54407,54611,2025-03-27 07:38:59,2025-03-27 21:34:59,False,R5_missing_time_gap,start_to_moored,0.75,2025-03-27 21:36:59,2025-03-28 12:14:59,,False,,TAIPEI,TWTPE,25.159,121.39100000000002,0.43969850356141216,FUZHOU,CNFOC,26.00031,119.43510000000003,4.66885917197282
61,55051,55051,2025-03-28 12:17:00,2025-03-28 12:17:00,False,R0_same_cluster,start_to_moored,0.75,2025-03-28 12:18:59,2025-03-28 16:54:59,,False,,TAIPEI,TWTPE,25.159,121.39100000000002,0.43309833843215645,TAIPEI,TWTPE,25.159,121.39100000000002,0.43969850356141216
62,55190,55590,2025-03-28 16:56:59,2025-03-29 07:50:59,True,,start_to_anchored,0.5,,,,False,,HUALIEN,TWHUN,23.97613,121.62560000000002,0.7607810041669746,TAIPEI,TWTPE,25.159,121.39100000000002,0.43309833843215645
63,55608,55609,2025-03-29 08:26:59,2025-03-29 08:28:59,False,R0_same_cluster,start_to_moored,0.75,2025-03-29 08:30:59,2025-03-29 10:15:00,,False,,HUALIEN,TWHUN,23.97613,121.62560000000002,0.7623699013214041,HUALIEN,TWHUN,23.97613,121.62560000000002,0.7607810041669746
64,55663,55701,2025-03-29 10:17:01,2025-03-29 11:32:59,False,R0_same_cluster,start_to_anchored,0.5,,,,False,,HUALIEN,TWHUN,23.97613,121.62560000000002,0.7622915856775796,HUALIEN,TWHUN,23.97613,121.62560000000002,0.7623699013214041
65,55727,55729,2025-03-29 12:24:59,2025-03-29 12:28:59,False,R0_same_cluster,start_to_moored,0.75,2025-03-29 12:30:59,2025-03-29 13:44:59,,False,,HUALIEN,TWHUN,23.97613,121.62560000000002,0.7529774454671994,HUALIEN,TWHUN,23.97613,121.62560000000002,0.7622915856775796
66,55768,56297,2025-03-29 13:46:59,2025-03-30 08:58:59,True,,start_to_moored,0.75,2025-03-30 09:00:59,2025-03-30 13:58:59,,False,,TAIPEI,TWTPE,25.159,121.39100000000002,0.43519272642327184,HUALIEN,TWHUN,23.97613,121.62560000000002,0.7529774454671994
67,56447,56448,2025-03-30 14:00:59,2025-03-30 14:02:59,False,R0_same_cluster,start_to_moored,0.75,2025-03-30 14:04:59,2025-03-31 01:28:59,,False,,TAIPEI,TWTPE,25.159,121.39100000000002,0.4323147806333938,TAIPEI,TWTPE,25.159,121.39100000000002,0.43519272642327184
68,56792,57296,2025-03-31 01:30:59,2025-03-31 19:38:59,True,,start_to_anchored,0.5,,,,False,,HUALIEN,TWHUN,23.97613,121.62560000000002,0.7638810599260036,TAIPEI,TWTPE,25.159,121.39100000000002,0.4323147806333938
69,57314,57315,2025-03-31 20:14:59,2025-03-31 20:16:59,False,R0_same_cluster,start_to_moored,0.75,2025-03-31 20:18:59,2025-03-31 22:16:59,,False,,HUALIEN,TWHUN,23.97613,121.62560000000002,0.7667221484624812,HUALIEN,TWHUN,23.97613,121.62560000000002,0.7638810599260036
70,57376,57434,2025-03-31 22:18:59,2025-04-01 00:14:59,False,R0_same_cluster,start_to_moored,0.75,2025-04-01 00:16:59,2025-04-01 01:16:59,,False,,HUALIEN,TWHUN,23.97613,121.62560000000002,0.7617623440023311,HUALIEN,TWHUN,23.97613,121.62560000000002,0.7667221484624812
71,57466,57491,2025-04-01 01:18:59,2025-04-01 02:08:59,False,R0_same_cluster,start_to_anchored,0.5,,,,False,,HUALIEN,TWHUN,23.97613,121.62560000000002,0.7571983141673694,HUALIEN,TWHUN,23.97613,121.62560000000002,0.7617623440023311
72,57517,57560,2025-04-01 03:00:59,2025-04-01 04:26:59,False,R0_same_cluster,start_to_moored,0.75,2025-04-01 04:28:59,2025-04-01 05:28:59,,False,,HUALIEN,TWHUN,23.97613,121.62560000000002,0.7599081678437628,HUALIEN,TWHUN,23.97613,121.62560000000002,0.7571983141673694
73,57592,57599,2025-04-01 05:30:59,2025-04-01 05:44:59,False,R0_same_cluster,start_to_anchored,0.5,,,,False,,HUALIEN,TWHUN,23.97613,121.62560000000002,0.7572902767487926,HUALIEN,TWHUN,23.97613,121.62560000000002,0.7599081678437628
74,57616,58134,2025-04-01 06:18:59,2025-04-02 00:48:59,True,,start_to_moored,0.75,2025-04-02 00:50:59,2025-04-02 20:11:03,,False,,TAIPEI,TWTPE,25.159,121.39100000000002,0.3236653628059212,HUALIEN,TWHUN,23.97613,121.62560000000002,0.7572902767487926
75,58705,58909,2025-04-02 20:12:59,2025-04-03 09:51:02,False,R5_missing_time_gap,start_to_moored,0.75,2025-04-03 09:52:59,2025-04-04 12:55:00,,False,,FUZHOU,CNFOC,26.00031,119.43510000000003,4.545564613929294,TAIPEI,TWTPE,25.159,121.39100000000002,0.3236653628059212
76,59687,59923,2025-04-04 12:57:02,2025-04-05 04:17:00,False,R5_missing_time_gap,start_to_moored,0.75,2025-04-05 04:19:00,2025-04-06 06:43:03,,False,,TAIPEI,TWTPE,25.159,121.39100000000002,0.43590644289400876,FUZHOU,CNFOC,26.00031,119.43510000000003,4.545564613929294
77,60687,61111,2025-04-06 06:45:02,2025-04-06 22:09:01,True,,start_to_moored,0.75,2025-04-06 22:12:59,2025-04-06 23:17:02,,False,,HUALIEN,TWHUN,23.97613,121.62560000000002,0.7667516812325053,TAIPEI,TWTPE,25.159,121.39100000000002,0.43590644289400876
78,61145,61506,2025-04-06 23:19:01,2025-04-07 12:39:03,True,,start_to_moored,0.75,2025-04-07 12:41:00,2025-04-08 16:45:00,,False,,TAIPEI,TWTPE,25.159,121.39100000000002,0.4358386354188811,HUALIEN,TWHUN,23.97613,121.62560000000002,0.7667516812325053
79,62317,62692,2025-04-08 16:47:01,2025-04-09 12:35:01,False,R5_missing_time_gap,start_to_moored,0.75,2025-04-09 12:37:00,2025-04-10 07:39:00,,False,,FUZHOU,CNFOC,26.00031,119.43510000000003,4.547904156728977,TAIPEI,TWTPE,25.159,121.39100000000002,0.4358386354188811
80,63211,63432,2025-04-10 07:40:59,2025-04-10 21:41:03,False,R5_missing_time_gap,start_to_moored,0.75,2025-04-10 21:43:07,2025-04-11 22:04:59,,False,,TAIPEI,TWTPE,25.159,121.39100000000002,0.3162843147672912,FUZHOU,CNFOC,26.00031,119.43510000000003,4.547904156728977
81,64071,64374,2025-04-11 22:07:00,2025-04-12 10:23:02,True,,start_to_moored,0.75,2025-04-12 10:25:00,2025-04-12 13:19:06,,False,,HUALIEN,TWHUN,23.97613,121.62560000000002,0.7637864800800616,TAIPEI,TWTPE,25.159,121.39100000000002,0.3162843147672912
82,64454,64456,2025-04-12 13:21:17,2025-04-12 13:25:02,False,R0_same_cluster,start_to_anchored,0.5,,,,False,,HUALIEN,TWHUN,23.97613,121.62560000000002,0.7632257431723466,HUALIEN,TWHUN,23.97613,121.62560000000002,0.7637864800800616
83,64477,64519,2025-04-12 14:09:01,2025-04-12 15:37:01,False,R0_same_cluster,start_to_moored,0.75,2025-04-12 15:39:01,2025-04-12 17:55:01,,False,,HUALIEN,TWHUN,23.97613,121.62560000000002,0.7723526442355687,HUALIEN,TWHUN,23.97613,121.62560000000002,0.7632257431723466
84,64588,64597,2025-04-12 17:57:03,2025-04-12 18:15:02,False,R0_same_cluster,start_to_anchored,0.5,,,,False,,HUALIEN,TWHUN,23.97613,121.62560000000002,0.77031912476605,HUALIEN,TWHUN,23.97613,121.62560000000002,0.7723526442355687
85,64625,64625,2025-04-12 19:17:34,2025-04-12 19:17:34,False,R0_same_cluster,start_to_moored,0.75,2025-04-12 19:19:00,2025-04-12 20:31:00,,False,,HUALIEN,TWHUN,23.97613,121.62560000000002,0.7686941656815829,HUALIEN,TWHUN,23.97613,121.62560000000002,0.77031912476605
86,64661,64688,2025-04-12 20:33:29,2025-04-12 21:29:26,False,R0_same_cluster,start_to_moored,0.75,2025-04-12 21:30:59,2025-04-13 00:59:00,,False,,HUALIEN,TWHUN,23.97613,121.62560000000002,0.7677307859029278,HUALIEN,TWHUN,23.97613,121.62560000000002,0.7686941656815829
87,64790,64807,2025-04-13 01:01:01,2025-04-13 01:37:03,False,R0_same_cluster,start_to_anchored,0.5,,,,False,,HUALIEN,TWHUN,23.97613,121.62560000000002,0.7600469502965098,HUALIEN,TWHUN,23.97613,121.62560000000002,0.7677307859029278
88,64828,65263,2025-04-13 02:19:02,2025-04-13 17:19:03,False,R0_same_cluster,start_to_anchored,0.5,,,,False,,HUALIEN,TWHUN,23.97613,121.62560000000002,0.7693558754631626,HUALIEN,TWHUN,23.97613,121.62560000000002,0.7600469502965098
89,65281,65308,2025-04-13 17:55:00,2025-04-13 18:49:00,False,R0_same_cluster,start_to_anchored,0.5,,,,False,,HUALIEN,TWHUN,23.97613,121.62560000000002,0.7667135561642201,HUALIEN,TWHUN,23.97613,121.62560000000002,0.7693558754631626
90,65328,65918,2025-04-13 19:28:59,2025-04-14 20:15:00,False,R5_missing_time_gap,start_to_moored,0.75,2025-04-14 20:17:02,2025-04-15 23:03:01,,False,,TAIPEI,TWTPE,25.159,121.39100000000002,0.32876002924642533,HUALIEN,TWHUN,23.97613,121.62560000000002,0.7667135561642201
91,66692,66958,2025-04-15 23:05:07,2025-04-16 15:03:00,False,R5_missing_time_gap,start_to_moored,0.75,2025-04-16 15:05:01,2025-04-17 10:44:59,,False,,FUZHOU,CNFOC,26.00031,119.43510000000003,4.546703124168391,TAIPEI,TWTPE,25.159,121.39100000000002,0.32876002924642533
92,67521,68085,2025-04-17 10:46:59,2025-04-18 16:43:00,False,R5_missing_time_gap,start_to_moored,0.75,2025-04-18 16:45:05,2025-04-19 18:45:08,,False,,TAIPEI,TWTPE,25.159,121.39100000000002,0.319360450278789,FUZHOU,CNFOC,26.00031,119.43510000000003,4.546703124168391
93,68857,69136,2025-04-19 18:47:02,2025-04-20 07:15:00,False,R5_missing_time_gap,start_to_moored,0.75,2025-04-20 07:17:00,2025-04-20 13:25:18,,False,,HUALIEN,TWHUN,23.97613,121.62560000000002,0.7612483885953528,TAIPEI,TWTPE,25.159,121.39100000000002,0.319360450278789
94,69321,69673,2025-04-20 13:27:00,2025-04-21 02:51:05,True,,start_to_moored,0.75,2025-04-21 02:53:01,2025-04-22 13:43:00,,False,,TAIPEI,TWTPE,25.159,121.39100000000002,0.4385846979140225,HUALIEN,TWHUN,23.97613,121.62560000000002,0.7612483885953528
95,70693,70693,2025-04-22 13:45:01,2025-04-22 13:45:01,False,R0_same_cluster,start_to_moored,0.75,2025-04-22 13:47:02,2025-04-22 16:31:01,,False,,TAIPEI,TWTPE,25.159,121.39100000000002,0.4284066664705849,TAIPEI,TWTPE,25.159,121.39100000000002,0.4385846979140225
96,70777,70799,2025-04-22 16:32:59,2025-04-22 17:17:00,False,R0_same_cluster,start_to_anchored,0.5,,,,False,,TAIPEI,TWTPE,25.159,121.39100000000002,0.4234036381423314,TAIPEI,TWTPE,25.159,121.39100000000002,0.4284066664705849
97,70817,70833,2025-04-22 17:53:00,2025-04-22 18:25:00,False,R0_same_cluster,start_to_anchored,0.5,,,,False,,TAIPEI,TWTPE,25.159,121.39100000000002,0.429225225041612,TAIPEI,TWTPE,25.159,121.39100000000002,0.4234036381423314
98,70853,70854,2025-04-22 19:05:02,2025-04-22 19:07:00,False,R0_same_cluster,start_to_anchored,0.5,,,,False,,TAIPEI,TWTPE,25.159,121.39100000000002,0.43127336191261695,TAIPEI,TWTPE,25.159,121.39100000000002,0.429225225041612
99,70871,70872,2025-04-22 19:41:02,2025-04-22 19:43:02,False,R0_same_cluster,start_to_moored,0.75,2025-04-22 19:45:01,2025-04-23 01:12:59,,False,,TAIPEI,TWTPE,25.159,121.39100000000002,0.432531806793722,TAIPEI,TWTPE,25.159,121.39100000000002,0.43127336191261695
100,71038,71038,2025-04-23 01:15:01,2025-04-23 01:15:01,False,R0_same_cluster,start_to_moored,0.75,2025-04-23 01:16:59,2025-04-23 02:24:59,,False,,TAIPEI,TWTPE,25.159,121.39100000000002,0.43771902683927844,TAIPEI,TWTPE,25.159,121.39100000000002,0.432531806793722
101,71074,71074,2025-04-23 02:27:00,2025-04-23 02:27:00,False,R0_same_cluster,start_to_moored,0.75,2025-04-23 02:29:00,2025-04-23 04:24:59,,False,,TAIPEI,TWTPE,25.159,121.39100000000002,0.43946117560644243,TAIPEI,TWTPE,25.159,121.39100000000002,0.43771902683927844
102,71134,71152,2025-04-23 04:27:00,2025-04-23 05:03:01,False,R0_same_cluster,start_to_moored,0.75,2025-04-23 05:05:00,2025-04-23 22:57:00,,False,,TAIPEI,TWTPE,25.159,121.39100000000002,0.4356334440953647,TAIPEI,TWTPE,25.159,121.39100000000002,0.43946117560644243
103,71678,71950,2025-04-23 22:59:03,2025-04-24 13:12:59,False,R5_missing_time_gap,start_to_moored,0.75,2025-04-24 13:14:59,2025-04-24 22:56:59,,False,,FUZHOU,CNFOC,26.00031,119.43510000000003,4.547303815213545,TAIPEI,TWTPE,25.159,121.39100000000002,0.4356334440953647
104,72231,72430,2025-04-25 09:13:31,2025-04-26 00:31:04,False,R5_missing_time_gap,start_to_moored,0.75,2025-04-26 00:32:59,2025-04-27 12:59:03,,False,,TAIPEI,TWTPE,25.159,121.39100000000002,0.3207549215906302,FUZHOU,CNFOC,26.00031,119.43510000000003,4.547303815213545
105,73489,73785,2025-04-27 13:01:02,2025-04-28 00:37:07,True,,start_to_moored,0.75,2025-04-28 00:38:59,2025-04-28 03:23:02,,False,,HUALIEN,TWHUN,23.97613,121.62560000000002,0.7615333086664415,TAIPEI,TWTPE,25.159,121.39100000000002,0.3207549215906302
106,73869,73869,2025-04-28 03:25:05,2025-04-28 03:25:05,False,R0_same_cluster,start_to_moored,0.75,2025-04-28 03:26:59,2025-04-28 05:53:06,,False,,HUALIEN,TWHUN,23.97613,121.62560000000002,0.7587252121666139,HUALIEN,TWHUN,23.97613,121.62560000000002,0.7615333086664415
107,73942,74344,2025-04-28 05:55:07,2025-04-28 21:09:05,True,,start_to_moored,0.75,2025-04-28 21:11:05,2025-04-30 23:24:59,,False,,TAIPEI,TWTPE,25.159,121.39100000000002,0.3200841932349925,HUALIEN,TWHUN,23.97613,121.62560000000002,0.7587252121666139
108,75820,76141,2025-04-30 23:26:59,2025-05-01 15:14:59,False,R5_missing_time_gap,start_to_moored,0.75,2025-05-01 15:17:02,2025-05-02 11:14:59,,False,,FUZHOU,CNFOC,26.00031,119.43510000000003,4.545564613929294,TAIPEI,TWTPE,25.159,121.39100000000002,0.3200841932349925
109,76734,76906,2025-05-02 11:16:59,2025-05-03 01:18:59,False,R5_missing_time_gap,start_to_moored,0.75,2025-05-03 01:20:59,2025-05-04 01:18:59,,False,,TAIPEI,TWTPE,25.159,121.39100000000002,0.6255836612276724,FUZHOU,CNFOC,26.00031,119.43510000000003,4.545564613929294
110,77625,77627,2025-05-04 01:20:59,2025-05-04 01:24:59,False,R0_same_cluster,start_to_moored,0.75,2025-05-04 01:26:59,2025-05-04 21:10:59,,False,,TAIPEI,TWTPE,25.159,121.39100000000002,0.4349576328485823,TAIPEI,TWTPE,25.159,121.39100000000002,0.6255836612276724
111,78220,78554,2025-05-04 21:12:59,2025-05-05 09:12:59,True,,start_to_moored,0.75,2025-05-05 09:14:59,2025-05-05 12:58:59,,False,,HUALIEN,TWHUN,23.97613,121.62560000000002,0.7607258040935344,TAIPEI,TWTPE,25.159,121.39100000000002,0.4349576328485823
112,78668,78673,2025-05-05 13:01:00,2025-05-05 13:11:08,False,R0_same_cluster,start_to_anchored,0.5,,,,False,,HUALIEN,TWHUN,23.97613,121.62560000000002,0.7670774628452696,HUALIEN,TWHUN,23.97613,121.62560000000002,0.7607258040935344
113,78698,78698,2025-05-05 14:01:00,2025-05-05 14:01:00,False,R0_same_cluster,start_to_moored,0.75,2025-05-05 14:03:00,2025-05-05 15:10:59,,False,,HUALIEN,TWHUN,23.97613,121.62560000000002,0.7668196303040763,HUALIEN,TWHUN,23.97613,121.62560000000002,0.7670774628452696
114,78734,79087,2025-05-05 15:13:00,2025-05-06 03:57:00,True,,start_to_moored,0.75,2025-05-06 03:59:00,2025-05-06 20:13:00,,False,,TAIPEI,TWTPE,25.159,121.39100000000002,0.43592959891108984,HUALIEN,TWHUN,23.97613,121.62560000000002,0.7668196303040763
115,79575,79909,2025-05-06 20:15:00,2025-05-07 07:33:00,True,,start_to_moored,0.75,2025-05-07 07:35:00,2025-05-07 15:07:00,,False,,HUALIEN,TWHUN,23.97613,121.62560000000002,0.7626625616336222,TAIPEI,TWTPE,25.159,121.39100000000002,0.43592959891108984
116,80137,80531,2025-05-07 15:09:00,2025-05-08 04:49:00,True,,start_to_moored,0.75,2025-05-08 04:51:00,2025-05-08 23:09:00,,False,,TAIPEI,TWTPE,25.159,121.39100000000002,0.43578811697439196,HUALIEN,TWHUN,23.97613,121.62560000000002,0.7626625616336222
117,81076,81439,2025-05-08 23:11:00,2025-05-10 21:57:00,False,R0_same_cluster,start_to_moored,0.75,2025-05-10 21:59:00,2025-05-13 21:09:00,,False,,TAIPEI,TWTPE,25.159,121.39100000000002,0.6288852715624929,TAIPEI,TWTPE,25.159,121.39100000000002,0.43578811697439196
118,83576,83579,2025-05-13 21:11:00,2025-05-13 21:17:00,False,R0_same_cluster,start_to_moored,0.75,2025-05-13 21:19:00,2025-05-14 15:05:00,,False,,TAIPEI,TWTPE,25.159,121.39100000000002,0.43703342362345265,TAIPEI,TWTPE,25.159,121.39100000000002,0.6288852715624929
119,84113,84503,2025-05-14 15:07:00,2025-05-15 04:25:00,True,,start_to_anchored,0.5,,,,False,,HUALIEN,TWHUN,23.97613,121.62560000000002,0.7562056977057666,TAIPEI,TWTPE,25.159,121.39100000000002,0.43703342362345265
120,84529,84536,2025-05-15 05:17:00,2025-05-15 05:31:00,False,R0_same_cluster,start_to_moored,0.75,2025-05-15 05:33:00,2025-05-15 06:53:00,,False,,HUALIEN,TWHUN,23.97613,121.62560000000002,0.758705896231909,HUALIEN,TWHUN,23.97613,121.62560000000002,0.7562056977057666
121,84578,84580,2025-05-15 06:55:00,2025-05-15 06:59:00,False,R0_same_cluster,start_to_moored,0.75,2025-05-15 07:01:00,2025-05-15 10:37:00,,False,,HUALIEN,TWHUN,23.97613,121.62560000000002,0.7610518094882778,HUALIEN,TWHUN,23.97613,121.62560000000002,0.758705896231909
122,84690,85050,2025-05-15 10:39:00,2025-05-15 23:13:00,True,,start_to_moored,0.75,2025-05-15 23:15:00,2025-05-17 02:17:00,,False,,TAIPEI,TWTPE,25.159,121.39100000000002,0.3221499783425196,HUALIEN,TWHUN,23.97613,121.62560000000002,0.7610518094882778
123,85862,86221,2025-05-17 02:19:00,2025-05-19 02:03:00,False,R0_same_cluster,start_to_moored,0.75,2025-05-19 02:05:00,2025-05-20 08:13:00,,False,,TAIPEI,TWTPE,25.159,121.39100000000002,0.3241824606559544,TAIPEI,TWTPE,25.159,121.39100000000002,0.3221499783425196
124,87121,87480,2025-05-20 08:15:00,2025-05-20 20:39:00,True,,start_to_moored,0.75,2025-05-20 20:41:00,2025-05-21 01:41:00,,False,,HUALIEN,TWHUN,23.97613,121.62560000000002,0.7587207901750236,TAIPEI,TWTPE,25.159,121.39100000000002,0.3241824606559544
125,87632,87635,2025-05-21 01:43:00,2025-05-21 01:49:00,False,R0_same_cluster,start_to_moored,0.75,2025-05-21 01:51:00,2025-05-21 05:05:00,,False,,HUALIEN,TWHUN,23.97613,121.62560000000002,0.7595182701075429,HUALIEN,TWHUN,23.97613,121.62560000000002,0.7587207901750236
126,87734,88093,2025-05-21 05:07:00,2025-05-21 17:49:00,True,,start_to_moored,0.75,2025-05-21 17:51:00,2025-05-22 19:51:00,,False,,TAIPEI,TWTPE,25.159,121.39100000000002,0.3226637556616313,HUALIEN,TWHUN,23.97613,121.62560000000002,0.7595182701075429
127,88870,89213,2025-05-22 19:53:00,2025-05-23 07:25:00,True,,start_to_moored,0.75,2025-05-23 07:27:00,2025-05-23 09:43:00,,False,,HUALIEN,TWHUN,23.97613,121.62560000000002,0.7587445370576318,TAIPEI,TWTPE,25.159,121.39100000000002,0.3226637556616313
128,89283,89323,2025-05-23 09:45:00,2025-05-23 11:05:00,False,R0_same_cluster,start_to_moored,0.75,2025-05-23 11:07:00,2025-05-23 17:01:00,,False,,HUALIEN,TWHUN,23.97613,121.62560000000002,0.7628623472820913,HUALIEN,TWHUN,23.97613,121.62560000000002,0.7587445370576318
129,89502,89884,2025-05-23 17:03:00,2025-05-24 06:37:00,True,,start_to_moored,0.75,2025-05-24 06:39:00,2025-05-25 01:17:00,,False,,TAIPEI,TWTPE,25.159,121.39100000000002,0.3226637556616313,HUALIEN,TWHUN,23.97613,121.62560000000002,0.7628623472820913
130,90444,90844,2025-05-25 01:19:00,2025-05-26 23:39:00,False,R0_same_cluster,start_to_moored,0.75,2025-05-26 23:41:00,2025-05-28 03:05:00,,False,,TAIPEI,TWTPE,25.159,121.39100000000002,0.742113062322217,TAIPEI,TWTPE,25.159,121.39100000000002,0.3226637556616313
131,91668,92000,2025-05-28 03:07:00,2025-05-30 01:17:00,False,R0_same_cluster,start_to_moored,0.75,2025-05-30 01:19:00,2025-05-30 22:21:00,,False,,TAIPEI,TWTPE,25.159,121.39100000000002,0.3222990874824889,TAIPEI,TWTPE,25.159,121.39100000000002,0.742113062322217
132,92632,93080,2025-05-30 22:23:00,2025-05-31 17:35:00,False,R5_missing_time_gap,start_to_moored,0.75,2025-05-31 17:37:00,2025-06-01 12:11:00,,False,,FUZHOU,CNFOC,26.00031,119.43510000000003,4.543286666083818,TAIPEI,TWTPE,25.159,121.39100000000002,0.3222990874824889
133,93636,93884,2025-06-01 12:13:00,2025-06-02 01:31:00,False,R5_missing_time_gap,start_to_moored,0.75,2025-06-02 01:33:00,2025-06-02 14:43:00,,False,,TAIPEI,TWTPE,25.159,121.39100000000002,0.4409204450803357,FUZHOU,CNFOC,26.00031,119.43510000000003,4.543286666083818
134,94280,94281,2025-06-02 14:45:00,2025-06-02 14:47:00,False,R0_same_cluster,start_to_moored,0.75,2025-06-02 14:49:00,2025-06-03 02:45:00,,False,,TAIPEI,TWTPE,25.159,121.39100000000002,0.4373551934669035,TAIPEI,TWTPE,25.159,121.39100000000002,0.4409204450803357
135,94641,94642,2025-06-03 02:47:00,2025-06-03 02:49:00,False,R0_same_cluster,start_to_moored,0.75,2025-06-03 02:51:00,2025-06-03 09:37:00,,False,,TAIPEI,TWTPE,25.159,121.39100000000002,0.44067211854324545,TAIPEI,TWTPE,25.159,121.39100000000002,0.4373551934669035
136,94847,95164,2025-06-03 09:39:00,2025-06-03 20:55:00,True,,start_to_moored,0.75,2025-06-03 20:57:00,2025-06-04 00:13:00,,False,,HUALIEN,TWHUN,23.97613,121.62560000000002,0.7203944563579125,TAIPEI,TWTPE,25.159,121.39100000000002,0.44067211854324545
137,95264,95265,2025-06-04 00:15:00,2025-06-04 00:17:00,False,R0_same_cluster,start_to_anchored,0.5,,,,False,,HUALIEN,TWHUN,23.97613,121.62560000000002,0.7211550390001527,HUALIEN,TWHUN,23.97613,121.62560000000002,0.7203944563579125
138,95293,95304,2025-06-04 01:13:00,2025-06-04 01:35:00,False,R0_same_cluster,start_to_moored,0.75,2025-06-04 01:37:00,2025-06-04 03:09:00,,False,,HUALIEN,TWHUN,23.97613,121.62560000000002,0.7191502426133385,HUALIEN,TWHUN,23.97613,121.62560000000002,0.7211550390001527
139,95352,95749,2025-06-04 03:11:00,2025-06-04 16:51:00,True,,start_to_moored,0.75,2025-06-04 16:53:00,2025-06-05 12:27:01,,False,,TAIPEI,TWTPE,25.159,121.39100000000002,0.3239691872305379,HUALIEN,TWHUN,23.97613,121.62560000000002,0.7191502426133385
140,96337,96675,2025-06-05 12:29:00,2025-06-06 00:25:00,True,,start_to_moored,0.75,2025-06-06 00:27:00,2025-06-06 05:59:00,,False,,HUALIEN,TWHUN,23.97613,121.62560000000002,0.7199994305853266,TAIPEI,TWTPE,25.159,121.39100000000002,0.3239691872305379
141,96843,97222,2025-06-06 06:01:00,2025-06-06 19:17:00,True,,start_to_moored,0.75,2025-06-06 19:19:00,2025-06-08 06:43:00,,False,,TAIPEI,TWTPE,25.159,121.39100000000002,0.3278573932230278,HUALIEN,TWHUN,23.97613,121.62560000000002,0.7199994305853266
142,98285,98490,2025-06-08 06:45:00,2025-06-08 18:23:01,False,R5_missing_time_gap,start_to_moored,0.75,2025-06-08 18:25:01,2025-06-09 07:15:00,,False,,FUZHOU,CNFOC,26.00031,119.43510000000003,4.493140871159429,TAIPEI,TWTPE,25.159,121.39100000000002,0.3278573932230278
143,98877,99293,2025-06-09 07:17:01,2025-06-10 02:15:00,False,R5_missing_time_gap,start_to_moored,0.75,2025-06-10 02:17:00,2025-06-11 13:27:01,,False,,TAIPEI,TWTPE,25.159,121.39100000000002,0.3361096660805177,FUZHOU,CNFOC,26.00031,119.43510000000003,4.493140871159429
144,100013,100364,2025-06-11 13:29:01,2025-06-12 01:15:01,True,,start_to_moored,0.75,2025-06-12 01:17:01,2025-06-12 03:13:01,,False,,HUALIEN,TWHUN,23.97613,121.62560000000002,0.7189360078047299,TAIPEI,TWTPE,25.159,121.39100000000002,0.3361096660805177
145,100424,100425,2025-06-12 03:15:01,2025-06-12 03:17:01,False,R0_same_cluster,start_to_moored,0.75,2025-06-12 03:19:01,2025-06-12 05:49:00,,False,,HUALIEN,TWHUN,23.97613,121.62560000000002,0.7193615968220638,HUALIEN,TWHUN,23.97613,121.62560000000002,0.7189360078047299
146,100502,100515,2025-06-12 05:51:01,2025-06-12 06:17:01,False,R0_same_cluster,start_to_anchored,0.5,,,,False,,HUALIEN,TWHUN,23.97613,121.62560000000002,0.7204567049634805,HUALIEN,TWHUN,23.97613,121.62560000000002,0.7193615968220638
147,100537,100956,2025-06-12 07:01:01,2025-06-12 21:31:01,True,,start_to_moored,0.75,2025-06-12 21:33:01,2025-06-13 17:33:01,,False,,TAIPEI,TWTPE,25.159,121.39100000000002,0.32497503550422113,HUALIEN,TWHUN,23.97613,121.62560000000002,0.7204567049634805
148,101554,101732,2025-06-13 17:35:01,2025-06-13 23:31:01,True,,start_to_moored,0.75,2025-06-13 23:33:01,2025-06-14 02:53:01,,False,,KEELUNG,TWKEL,25.14515,121.75319999999999,1.34960928856274,TAIPEI,TWTPE,25.159,121.39100000000002,0.32497503550422113
149,101834,102182,2025-06-14 02:55:01,2025-06-14 17:53:01,False,R5_missing_time_gap,start_to_moored,0.75,2025-06-14 17:55:01,2025-06-15 10:39:01,,False,,FUZHOU,CNFOC,26.00031,119.43510000000003,4.545449631749639,KEELUNG,TWKEL,25.14515,121.75319999999999,1.34960928856274
150,102678,102916,2025-06-15 10:41:01,2025-06-16 00:51:01,False,R5_missing_time_gap,start_to_anchored,0.5,,,,False,,TAIPEI,TWTPE,25.159,121.39100000000002,0.3287547639132275,FUZHOU,CNFOC,26.00031,119.43510000000003,4.545449631749639
151,102939,102940,2025-06-16 01:37:01,2025-06-16 01:39:01,False,R0_same_cluster,start_to_moored,0.75,2025-06-16 01:41:01,2025-06-16 03:31:02,,False,,TAIPEI,TWTPE,25.159,121.39100000000002,0.326552059156023,TAIPEI,TWTPE,25.159,121.39100000000002,0.3287547639132275
152,102997,102998,2025-06-16 03:33:01,2025-06-16 03:35:01,False,R0_same_cluster,start_to_anchored,0.5,,,,False,,TAIPEI,TWTPE,25.159,121.39100000000002,0.32710558388423244,TAIPEI,TWTPE,25.159,121.39100000000002,0.326552059156023
153,103016,103026,2025-06-16 04:11:01,2025-06-16 04:31:01,False,R0_same_cluster,start_to_moored,0.75,2025-06-16 04:33:01,2025-06-16 11:19:01,,False,,TAIPEI,TWTPE,25.159,121.39100000000002,0.3263111788660323,TAIPEI,TWTPE,25.159,121.39100000000002,0.32710558388423244
154,103231,103232,2025-06-16 11:21:01,2025-06-16 11:23:01,False,R0_same_cluster,start_to_moored,0.75,2025-06-16 11:25:01,2025-06-17 03:25:01,,False,,TAIPEI,TWTPE,25.159,121.39100000000002,0.32348330658186014,TAIPEI,TWTPE,25.159,121.39100000000002,0.3263111788660323
155,103714,104004,2025-06-17 03:27:01,2025-06-17 13:17:01,True,,start_to_moored,0.75,2025-06-17 13:19:01,2025-06-17 19:09:01,,False,,HUALIEN,TWHUN,23.97613,121.62560000000002,0.7418070039264296,TAIPEI,TWTPE,25.159,121.39100000000002,0.32348330658186014
156,104181,104188,2025-06-17 19:11:01,2025-06-17 19:25:01,False,R0_same_cluster,start_to_moored,0.75,2025-06-17 19:27:01,2025-06-18 01:33:01,,False,,HUALIEN,TWHUN,23.97613,121.62560000000002,1.5132413963313838,HUALIEN,TWHUN,23.97613,121.62560000000002,0.7418070039264296
157,104373,104745,2025-06-18 01:35:01,2025-06-18 14:41:01,True,,start_to_moored,0.75,2025-06-18 14:43:01,2025-06-19 16:37:01,,False,,TAIPEI,TWTPE,25.159,121.39100000000002,0.32646054226782095,HUALIEN,TWHUN,23.97613,121.62560000000002,1.5132413963313838
158,105523,105925,2025-06-19 16:39:01,2025-06-20 10:25:01,False,R5_missing_time_gap,start_to_moored,0.75,2025-06-20 10:27:01,2025-06-21 09:07:01,,False,,LUOYUAN,CNLYA,26.46016,119.67079999999999,2.7871878324469894,TAIPEI,TWTPE,25.159,121.39100000000002,0.32646054226782095
159,106598,106599,2025-06-21 09:09:01,2025-06-21 09:11:01,False,R0_same_cluster,start_to_moored,0.75,2025-06-21 09:13:01,2025-06-21 12:59:01,,False,,LUOYUAN,CNLYA,26.46016,119.67079999999999,2.8082142337409306,LUOYUAN,CNLYA,26.46016,119.67079999999999,2.7871878324469894
160,106714,106973,2025-06-21 13:01:01,2025-06-22 02:39:01,False,R5_missing_time_gap,start_to_moored,0.75,2025-06-22 02:41:01,2025-06-23 00:27:01,,False,,TAIPEI,TWTPE,25.159,121.39100000000002,0.44126297310951595,LUOYUAN,CNLYA,26.46016,119.67079999999999,2.8082142337409306
161,107627,107896,2025-06-23 00:29:01,2025-06-23 13:47:01,False,R5_missing_time_gap,start_to_moored,0.75,2025-06-23 13:49:01,2025-06-24 07:05:02,,False,,FUZHOU,CNFOC,26.00031,119.43510000000003,4.545707017973383,TAIPEI,TWTPE,25.159,121.39100000000002,0.44126297310951595
162,108412,108747,2025-06-24 07:07:02,2025-06-25 00:29:01,False,R5_missing_time_gap,start_to_moored,0.75,2025-06-25 00:31:01,2025-06-27 02:17:01,,False,,TAIPEI,TWTPE,25.159,121.39100000000002,0.3259135945357543,FUZHOU,CNFOC,26.00031,119.43510000000003,4.545707017973383
163,110236,110533,2025-06-27 02:19:01,2025-06-27 13:17:01,True,,start_to_moored,0.75,2025-06-27 13:19:01,2025-06-28 11:01:01,,False,,HUALIEN,TWHUN,23.97613,121.62560000000002,0.7389951492238719,TAIPEI,TWTPE,25.159,121.39100000000002,0.3259135945357543
164,111186,111642,2025-06-28 11:03:01,2025-06-29 04:23:01,True,,start_to_moored,0.75,2025-06-29 04:25:01,2025-06-30 10:01:01,,False,,TAIPEI,TWTPE,25.159,121.39100000000002,0.3257312854177365,HUALIEN,TWHUN,23.97613,121.62560000000002,0.7389951492238719
165,112532,113088,2025-06-30 10:03:01,2025-07-01 09:07:01,False,R5_missing_time_gap,start_to_moored,0.75,2025-07-01 09:09:01,2025-07-02 12:45:01,,False,,LUOYUAN,CNLYA,26.46016,119.67079999999999,2.7564365960995523,TAIPEI,TWTPE,25.159,121.39100000000002,0.3257312854177365
166,113907,114158,2025-07-02 12:47:01,2025-07-03 03:43:01,False,R5_missing_time_gap,start_to_moored,0.75,2025-07-03 03:45:01,2025-07-04 00:23:01,,False,,TAIPEI,TWTPE,25.159,121.39100000000002,0.6311606043080685,LUOYUAN,CNLYA,26.46016,119.67079999999999,2.7564365960995523
167,114777,115134,2025-07-04 00:25:01,2025-07-04 12:41:01,True,,start_to_moored,0.75,2025-07-04 12:43:01,2025-07-04 18:19:01,,False,,HUALIEN,TWHUN,23.97613,121.62560000000002,0.7409560362294677,TAIPEI,TWTPE,25.159,121.39100000000002,0.6311606043080685
168,115304,115680,2025-07-04 18:21:01,2025-07-05 07:35:01,True,,start_to_moored,0.75,2025-07-05 07:37:02,2025-07-06 13:15:01,,False,,TAIPEI,TWTPE,25.159,121.39100000000002,0.32491086791033486,HUALIEN,TWHUN,23.97613,121.62560000000002,0.7409560362294677
169,116571,117668,2025-07-06 13:17:01,2025-07-08 13:09:02,False,R5_missing_time_gap,start_to_moored,0.75,2025-07-08 13:11:02,2025-07-09 07:29:02,,False,,FUZHOU,CNFOC,26.00031,119.43510000000003,4.546544024070567,TAIPEI,TWTPE,25.159,121.39100000000002,0.32491086791033486
170,118200,118552,2025-07-09 07:31:02,2025-07-10 01:19:02,False,R5_missing_time_gap,start_to_moored,0.75,2025-07-10 01:21:01,2025-07-10 08:41:02,,False,,TAIPEI,TWTPE,25.159,121.39100000000002,0.44028364421635,FUZHOU,CNFOC,26.00031,119.43510000000003,4.546544024070567
171,118772,118778,2025-07-10 08:43:02,2025-07-10 08:55:02,False,R0_same_cluster,start_to_moored,0.75,2025-07-10 09:34:05,2025-07-11 04:58:01,,False,,TAIPEI,TWTPE,25.159,121.39100000000002,0.440114871681826,TAIPEI,TWTPE,25.159,121.39100000000002,0.44028364421635
172,119362,119706,2025-07-11 05:00:02,2025-07-11 16:42:02,True,,start_to_moored,0.75,2025-07-11 16:44:02,2025-07-11 19:46:01,,False,,HUALIEN,TWHUN,23.97613,121.62560000000002,0.7387552110350044,TAIPEI,TWTPE,25.159,121.39100000000002,0.440114871681826
173,119799,119799,2025-07-11 19:48:02,2025-07-11 19:48:02,False,R0_same_cluster,start_to_moored,0.75,2025-07-11 19:50:02,2025-07-11 20:54:02,,False,,HUALIEN,TWHUN,23.97613,121.62560000000002,0.7328990094964833,HUALIEN,TWHUN,23.97613,121.62560000000002,0.7387552110350044
174,119833,119842,2025-07-11 20:56:02,2025-07-11 21:14:02,False,R0_same_cluster,start_to_anchored,0.5,,,,False,,HUALIEN,TWHUN,23.97613,121.62560000000002,0.7347787647999209,HUALIEN,TWHUN,23.97613,121.62560000000002,0.7328990094964833
175,119865,120255,2025-07-11 22:00:02,2025-07-12 11:46:02,True,,start_to_moored,0.75,2025-07-12 11:48:02,2025-07-13 17:04:02,,False,,TAIPEI,TWTPE,25.159,121.39100000000002,0.32478959966693,HUALIEN,TWHUN,23.97613,121.62560000000002,0.7347787647999209
176,121135,121526,2025-07-13 17:06:02,2025-07-14 06:28:02,True,,start_to_moored,0.75,2025-07-14 06:30:02,2025-07-14 12:58:02,,False,,HUALIEN,TWHUN,23.97613,121.62560000000002,0.755282176545622,TAIPEI,TWTPE,25.159,121.39100000000002,0.32478959966693
177,121722,122090,2025-07-14 13:00:02,2025-07-15 01:58:02,True,,start_to_moored,0.75,2025-07-15 02:00:02,2025-07-15 09:42:02,,False,,TAIPEI,TWTPE,25.159,121.39100000000002,0.32576969978769044,HUALIEN,TWHUN,23.97613,121.62560000000002,0.755282176545622
178,122323,122453,2025-07-15 09:44:02,2025-07-15 15:56:00,False,R0_same_cluster,start_to_anchored,0.5,,,,False,,TAIPEI,TWTPE,25.159,121.39100000000002,0.3254047126400674,TAIPEI,TWTPE,25.159,121.39100000000002,0.32576969978769044
179,122761,123102,2025-07-16 02:24:01,2025-07-16 18:24:01,False,R5_missing_time_gap,start_to_moored,0.75,2025-07-16 18:26:01,2025-07-17 12:58:01,,False,,LUOYUAN,CNLYA,26.46016,119.67079999999999,2.7943807570600674,TAIPEI,TWTPE,25.159,121.39100000000002,0.3254047126400674
180,123646,123930,2025-07-17 13:00:01,2025-07-18 03:50:01,False,R5_missing_time_gap,start_to_moored,0.75,2025-07-18 03:52:01,2025-07-18 22:40:01,,False,,TAIPEI,TWTPE,25.159,121.39100000000002,0.4449862484343784,LUOYUAN,CNLYA,26.46016,119.67079999999999,2.7943807570600674
181,124496,124949,2025-07-18 22:42:01,2025-07-19 17:46:01,False,R5_missing_time_gap,start_to_moored,0.75,2025-07-19 17:48:01,2025-07-20 11:54:01,,False,,LUOYUAN,CNLYA,26.46016,119.67079999999999,2.808932866706332,TAIPEI,TWTPE,25.159,121.39100000000002,0.4449862484343784
182,125493,125841,2025-07-20 11:56:01,2025-07-21 05:10:01,False,R5_missing_time_gap,start_to_moored,0.75,2025-07-21 05:12:01,2025-07-21 06:12:01,,False,,TAIPEI,TWTPE,25.159,121.39100000000002,0.3275880903163395,LUOYUAN,CNLYA,26.46016,119.67079999999999,2.808932866706332
183,125872,125921,2025-07-21 06:14:01,2025-07-21 07:52:04,False,R0_same_cluster,start_to_moored,0.75,2025-07-21 07:54:01,2025-07-22 17:18:01,,False,,TAIPEI,TWTPE,25.159,121.39100000000002,0.32391036223351455,TAIPEI,TWTPE,25.159,121.39100000000002,0.3275880903163395
184,126924,127375,2025-07-22 17:20:01,2025-07-23 12:32:01,False,R5_missing_time_gap,start_to_moored,0.75,2025-07-23 12:34:01,2025-07-24 07:40:01,,False,,FUZHOU,CNFOC,26.00031,119.43510000000003,4.5454173367882,TAIPEI,TWTPE,25.159,121.39100000000002,0.32391036223351455
185,127929,128209,2025-07-24 07:48:01,2025-07-24 23:58:01,False,R5_missing_time_gap,start_to_moored,0.75,2025-07-25 00:00:01,2025-07-26 01:14:01,,False,,TAIPEI,TWTPE,25.159,121.39100000000002,0.44262985021864526,FUZHOU,CNFOC,26.00031,119.43510000000003,4.5454173367882
186,128966,129961,2025-07-26 01:16:01,2025-07-27 15:22:02,False,R5_missing_time_gap,start_to_moored,0.75,2025-07-27 15:24:01,2025-07-29 11:24:02,,False,,FUZHOU,CNFOC,26.00031,119.43510000000003,4.545543776688582,TAIPEI,TWTPE,25.159,121.39100000000002,0.44262985021864526
187,131279,131553,2025-07-29 11:26:02,2025-07-30 01:40:02,False,R5_missing_time_gap,start_to_anchored,0.5,,,,False,,TAIPEI,TWTPE,25.159,121.39100000000002,0.32690057079171514,FUZHOU,CNFOC,26.00031,119.43510000000003,4.545543776688582
188,131572,131573,2025-07-30 02:18:01,2025-07-30 02:20:01,False,R0_same_cluster,start_to_moored,0.75,2025-07-30 02:22:01,2025-07-30 21:26:01,,False,,TAIPEI,TWTPE,25.159,121.39100000000002,0.3252168116323291,TAIPEI,TWTPE,25.159,121.39100000000002,0.32690057079171514
189,132146,133125,2025-07-30 21:28:01,2025-08-01 08:06:02,False,R0_same_cluster,start_to_moored,0.75,2025-08-01 08:08:02,2025-08-02 09:26:02,,False,,TAIPEI,TWTPE,25.159,121.39100000000002,0.32481979103021896,TAIPEI,TWTPE,25.159,121.39100000000002,0.3252168116323291
190,133886,134227,2025-08-02 09:28:02,2025-08-02 21:14:02,True,,start_to_moored,0.75,2025-08-02 21:16:02,2025-08-03 00:24:02,,False,,HUALIEN,TWHUN,23.97613,121.62560000000002,0.7442275176939024,TAIPEI,TWTPE,25.159,121.39100000000002,0.32481979103021896
191,134323,134325,2025-08-03 00:26:02,2025-08-03 00:30:02,False,R0_same_cluster,start_to_anchored,0.5,,,,False,,HUALIEN,TWHUN,23.97613,121.62560000000002,0.7439758750833337,HUALIEN,TWHUN,23.97613,121.62560000000002,0.7442275176939024
192,134345,134362,2025-08-03 01:10:02,2025-08-03 01:44:02,False,R0_same_cluster,start_to_anchored,0.5,,,,False,,HUALIEN,TWHUN,23.97613,121.62560000000002,0.7419465982800034,HUALIEN,TWHUN,23.97613,121.62560000000002,0.7439758750833337
193,134387,134812,2025-08-03 02:34:02,2025-08-03 17:34:02,True,,start_to_moored,0.75,2025-08-03 17:36:02,2025-08-03 18:38:02,,False,,TAIPEI,TWTPE,25.159,121.39100000000002,0.323900437886372,HUALIEN,TWHUN,23.97613,121.62560000000002,0.7419465982800034
194,134845,134850,2025-08-03 18:40:02,2025-08-03 18:50:02,False,R0_same_cluster,start_to_moored,0.75,2025-08-03 18:52:02,2025-08-04 16:06:02,,False,,TAIPEI,TWTPE,25.159,121.39100000000002,0.32640122822701495,TAIPEI,TWTPE,25.159,121.39100000000002,0.323900437886372
195,135489,135497,2025-08-04 16:08:02,2025-08-04 16:24:02,False,R0_same_cluster,start_to_anchored,0.5,,,,False,,TAIPEI,TWTPE,25.159,121.39100000000002,0.32366832056231803,TAIPEI,TWTPE,25.159,121.39100000000002,0.32640122822701495
196,135523,135936,2025-08-04 17:18:02,2025-08-05 11:40:06,False,R5_missing_time_gap,start_to_moored,0.75,2025-08-05 11:44:17,2025-08-06 06:18:02,,False,,FUZHOU,CNFOC,26.00031,119.43510000000003,4.545459295154198,TAIPEI,TWTPE,25.159,121.39100000000002,0.32366832056231803
197,136485,136719,2025-08-06 06:20:02,2025-08-06 19:50:02,False,R5_missing_time_gap,start_to_moored,0.75,2025-08-06 19:52:02,2025-08-07 16:16:02,,False,,TAIPEI,TWTPE,25.159,121.39100000000002,0.4423421576536464,FUZHOU,CNFOC,26.00031,119.43510000000003,4.545459295154198
198,137333,137692,2025-08-07 16:18:02,2025-08-08 04:32:02,True,,start_to_moored,0.75,2025-08-08 04:34:02,2025-08-08 10:30:02,,False,,HUALIEN,TWHUN,23.97613,121.62560000000002,0.7400835538165985,TAIPEI,TWTPE,25.159,121.39100000000002,0.4423421576536464
199,137872,138219,2025-08-08 10:32:02,2025-08-08 22:26:02,True,,start_to_moored,0.75,2025-08-08 22:28:02,2025-08-09 22:12:02,,False,,TAIPEI,TWTPE,25.159,121.39100000000002,0.4431005368390565,HUALIEN,TWHUN,23.97613,121.62560000000002,0.7400835538165985
200,138932,139274,2025-08-09 22:14:02,2025-08-10 14:44:02,False,R5_missing_time_gap,start_to_moored,0.75,2025-08-10 14:46:03,2025-08-11 09:30:02,,False,,FUZHOU,CNFOC,26.00031,119.43510000000003,4.545875236304888,TAIPEI,TWTPE,25.159,121.39100000000002,0.4431005368390565
201,139827,140100,2025-08-11 09:32:02,2025-08-12 00:00:02,False,R5_missing_time_gap,start_to_moored,0.75,2025-08-12 00:02:02,2025-08-12 20:24:02,,False,,TAIPEI,TWTPE,25.159,121.39100000000002,0.3223388763651972,FUZHOU,CNFOC,26.00031,119.43510000000003,4.545875236304888
202,140713,141188,2025-08-12 20:26:02,2025-08-13 16:32:03,False,R5_missing_time_gap,start_to_moored,0.75,2025-08-13 16:34:02,2025-08-14 11:50:03,,False,,FUZHOU,CNFOC,26.00031,119.43510000000003,4.545886390452606,TAIPEI,TWTPE,25.159,121.39100000000002,0.3223388763651972
203,141750,142031,2025-08-14 11:52:03,2025-08-15 04:10:02,False,R5_missing_time_gap,start_to_moored,0.75,2025-08-15 04:12:02,2025-08-16 11:48:02,,False,,TAIPEI,TWTPE,25.159,121.39100000000002,0.4436137776950899,FUZHOU,CNFOC,26.00031,119.43510000000003,4.545886390452606
204,142979,143481,2025-08-16 11:50:03,2025-08-17 09:46:03,False,R5_missing_time_gap,start_to_moored,0.75,2025-08-17 09:48:03,2025-08-18 16:18:03,,False,,FUZHOU,CNFOC,26.00031,119.43510000000003,4.544596634403624,TAIPEI,TWTPE,25.159,121.39100000000002,0.4436137776950899
205,144366,144606,2025-08-18 16:20:03,2025-08-19 06:10:03,False,R5_missing_time_gap,start_to_moored,0.75,2025-08-19 06:12:03,2025-08-20 18:48:03,,False,,TAIPEI,TWTPE,25.159,121.39100000000002,0.32463833013442445,FUZHOU,CNFOC,26.00031,119.43510000000003,4.544596634403624
206,145705,146041,2025-08-20 18:50:03,2025-08-21 06:26:03,True,,start_to_moored,0.75,2025-08-21 06:28:03,2025-08-21 11:34:03,,False,,HUALIEN,TWHUN,23.97613,121.62560000000002,0.7440869588948795,TAIPEI,TWTPE,25.159,121.39100000000002,0.32463833013442445
207,146196,146562,2025-08-21 11:36:03,2025-08-22 00:32:03,True,,start_to_moored,0.75,2025-08-22 00:34:03,2025-08-23 02:42:03,,False,,TAIPEI,TWTPE,25.159,121.39100000000002,0.42194307333002895,HUALIEN,TWHUN,23.97613,121.62560000000002,0.7440869588948795
208,147342,147456,2025-08-23 02:44:03,2025-08-23 06:32:03,True,,start_to_moored,0.75,2025-08-23 06:34:03,2025-08-23 12:00:03,,False,,KEELUNG,TWKEL,25.14515,121.75319999999999,1.2619471658861858,TAIPEI,TWTPE,25.159,121.39100000000002,0.42194307333002895
209,147621,148287,2025-08-23 12:02:03,2025-08-24 15:30:03,False,R5_missing_time_gap,start_to_moored,0.75,2025-08-24 15:32:03,2025-08-25 09:28:04,,False,,FUZHOU,CNFOC,26.00031,119.43510000000003,4.545475064517767,KEELUNG,TWKEL,25.14515,121.75319999999999,1.2619471658861858
210,148807,149087,2025-08-25 09:30:03,2025-08-26 01:38:03,False,R5_missing_time_gap,start_to_moored,0.75,2025-08-26 01:40:03,2025-08-27 04:46:03,,False,,TAIPEI,TWTPE,25.159,121.39100000000002,0.4421478368657888,FUZHOU,CNFOC,26.00031,119.43510000000003,4.545475064517767
211,149901,150254,2025-08-27 04:48:03,2025-08-27 17:04:03,True,,start_to_moored,0.75,2025-08-27 17:06:03,2025-08-27 22:08:03,,False,,HUALIEN,TWHUN,23.97613,121.62560000000002,0.7484599426723052,TAIPEI,TWTPE,25.159,121.39100000000002,0.4421478368657888
212,150407,150803,2025-08-27 22:10:03,2025-08-28 12:02:03,True,,start_to_moored,0.75,2025-08-28 12:04:03,2025-08-30 01:34:03,,False,,TAIPEI,TWTPE,25.159,121.39100000000002,0.3209619094209303,HUALIEN,TWHUN,23.97613,121.62560000000002,0.7484599426723052
213,151928,152277,2025-08-30 01:36:03,2025-08-30 18:20:03,False,R5_missing_time_gap,start_to_moored,0.75,2025-08-30 18:22:04,2025-08-31 14:08:04,,False,,FUZHOU,CNFOC,26.00031,119.43510000000003,4.545948973822166,TAIPEI,TWTPE,25.159,121.39100000000002,0.3209619094209303
214,152848,153062,2025-08-31 14:10:04,2025-09-01 04:02:04,False,R5_missing_time_gap,start_to_moored,0.75,2025-09-01 04:04:03,2025-09-02 02:08:04,,False,,TAIPEI,TWTPE,25.159,121.39100000000002,0.4386771113366201,FUZHOU,CNFOC,26.00031,119.43510000000003,4.545948973822166
215,153725,154078,2025-09-02 02:12:04,2025-09-02 14:24:04,True,,start_to_moored,0.75,2025-09-02 14:26:04,2025-09-02 19:40:04,,False,,HUALIEN,TWHUN,23.97613,121.62560000000002,0.7499004080022158,TAIPEI,TWTPE,25.159,121.39100000000002,0.4386771113366201
216,154237,154593,2025-09-02 19:42:04,2025-09-03 08:08:04,True,,start_to_moored,0.75,2025-09-03 08:10:04,2025-09-04 04:22:04,,False,,TAIPEI,TWTPE,25.159,121.39100000000002,0.321906024718493,HUALIEN,TWHUN,23.97613,121.62560000000002,0.7499004080022158
217,155199,155390,2025-09-04 04:24:04,2025-09-04 15:52:04,False,R5_missing_time_gap,start_to_moored,0.75,2025-09-04 15:54:04,2025-09-05 06:38:04,,False,,FUZHOU,CNFOC,26.00031,119.43510000000003,4.5452172948476095,TAIPEI,TWTPE,25.159,121.39100000000002,0.321906024718493
218,155833,156096,2025-09-05 06:40:04,2025-09-05 21:18:04,False,R5_missing_time_gap,start_to_moored,0.75,2025-09-05 21:20:04,2025-09-06 20:02:04,,False,,TAIPEI,TWTPE,25.159,121.39100000000002,0.43652205296658964,FUZHOU,CNFOC,26.00031,119.43510000000003,4.5452172948476095
219,156779,156779,2025-09-06 20:06:04,2025-09-06 20:06:04,False,R0_same_cluster,start_to_anchored,0.5,,,,False,,TAIPEI,TWTPE,25.159,121.39100000000002,0.43550339536552996,TAIPEI,TWTPE,25.159,121.39100000000002,0.43652205296658964
220,156809,157178,2025-09-06 21:06:04,2025-09-07 13:18:04,False,R5_missing_time_gap,start_to_moored,0.75,2025-09-07 13:20:04,2025-09-08 08:38:04,,False,,FUZHOU,CNFOC,26.00031,119.43510000000003,4.5472819920516185,TAIPEI,TWTPE,25.159,121.39100000000002,0.43550339536552996
221,157743,158233,2025-09-08 08:40:04,2025-09-09 06:58:04,False,R5_missing_time_gap,start_to_moored,0.75,2025-09-09 07:00:04,2025-09-10 03:10:04,,False,,TAIPEI,TWTPE,25.159,121.39100000000002,0.3224263203759156,FUZHOU,CNFOC,26.00031,119.43510000000003,4.5472819920516185
222,158840,159159,2025-09-10 03:12:04,2025-09-10 14:14:04,True,,start_to_moored,0.75,2025-09-10 14:16:04,2025-09-10 19:22:04,,False,,HUALIEN,TWHUN,23.97613,121.62560000000002,0.7472285629177212,TAIPEI,TWTPE,25.159,121.39100000000002,0.3224263203759156
223,159314,159704,2025-09-10 19:24:04,2025-09-11 09:18:04,True,,start_to_moored,0.75,2025-09-11 09:20:04,2025-09-12 23:20:04,,False,,TAIPEI,TWTPE,25.159,121.39100000000002,0.6256331020905174,HUALIEN,TWHUN,23.97613,121.62560000000002,0.7472285629177212
224,160844,161246,2025-09-12 23:22:04,2025-09-13 17:34:04,False,R5_missing_time_gap,start_to_moored,0.75,2025-09-13 17:36:05,2025-09-14 13:08:04,,False,,FUZHOU,CNFOC,26.00031,119.43510000000003,4.545835844449916,TAIPEI,TWTPE,25.159,121.39100000000002,0.6256331020905174
225,161823,162062,2025-09-14 13:10:04,2025-09-15 03:22:04,False,R5_missing_time_gap,start_to_moored,0.75,2025-09-15 03:26:05,2025-09-16 00:00:04,,False,,TAIPEI,TWTPE,25.159,121.39100000000002,0.32047651453270665,FUZHOU,CNFOC,26.00031,119.43510000000003,4.545835844449916
226,162585,162958,2025-09-16 00:02:04,2025-09-16 12:50:04,True,,start_to_moored,0.75,2025-09-16 12:52:04,2025-09-16 14:30:04,,False,,HUALIEN,TWHUN,23.97613,121.62560000000002,0.7488016205820361,TAIPEI,TWTPE,25.159,121.39100000000002,0.32047651453270665
227,163009,163009,2025-09-16 14:32:05,2025-09-16 14:32:05,False,R0_same_cluster,start_to_moored,0.75,2025-09-16 14:34:04,2025-09-16 17:44:04,,False,,HUALIEN,TWHUN,23.97613,121.62560000000002,0.749880407929016,HUALIEN,TWHUN,23.97613,121.62560000000002,0.7488016205820361
228,163106,163638,2025-09-16 17:46:04,2025-09-17 13:36:04,True,,start_to_moored,0.75,2025-09-17 13:38:04,2025-09-18 15:34:04,,False,,TAIPEI,TWTPE,25.159,121.39100000000002,0.32135690168710507,HUALIEN,TWHUN,23.97613,121.62560000000002,0.749880407929016
229,164418,164428,2025-09-18 15:36:04,2025-09-18 15:56:04,False,R0_same_cluster,start_to_anchored,0.5,,,,False,,TAIPEI,TWTPE,25.159,121.39100000000002,0.3163941445271738,TAIPEI,TWTPE,25.159,121.39100000000002,0.32135690168710507
230,164455,164929,2025-09-18 16:50:04,2025-09-19 12:38:05,False,R5_missing_time_gap,start_to_moored,0.75,2025-09-19 12:40:05,2025-09-20 09:06:05,,False,,LUOYUAN,CNLYA,26.46016,119.67079999999999,2.8138258596506294,TAIPEI,TWTPE,25.159,121.39100000000002,0.3163941445271738
231,165543,165793,2025-09-20 09:08:05,2025-09-21 00:04:05,False,R5_missing_time_gap,start_to_moored,0.75,2025-09-21 00:06:05,2025-09-23 23:38:05,,False,,TAIPEI,TWTPE,25.159,121.39100000000002,0.626468827517812,LUOYUAN,CNLYA,26.46016,119.67079999999999,2.8138258596506294
232,167930,167930,2025-09-23 23:42:05,2025-09-23 23:42:05,False,R0_same_cluster,start_to_moored,0.75,2025-09-23 23:44:05,2025-09-24 01:10:05,,False,,TAIPEI,TWTPE,25.159,121.39100000000002,0.6271684083765726,TAIPEI,TWTPE,25.159,121.39100000000002,0.626468827517812
233,167975,168328,2025-09-24 01:12:05,2025-09-24 17:08:05,False,R5_missing_time_gap,start_to_moored,0.75,2025-09-24 17:10:05,2025-09-25 10:26:05,,False,,FUZHOU,CNFOC,26.00031,119.43510000000003,4.545311833232632,TAIPEI,TWTPE,25.159,121.39100000000002,0.6271684083765726
234,168848,169139,2025-09-25 10:28:05,2025-09-26 03:16:20,False,R5_missing_time_gap,start_to_moored,0.75,2025-09-26 03:18:05,2025-09-27 06:40:05,,False,,TAIPEI,TWTPE,25.159,121.39100000000002,0.32251138891155307,FUZHOU,CNFOC,26.00031,119.43510000000003,4.545311833232632
235,169961,170755,2025-09-27 06:42:05,2025-09-28 11:06:05,False,R5_missing_time_gap,start_to_anchored,0.5,,,,False,,HUALIEN,TWHUN,23.97613,121.62560000000002,0.7449812164835808,TAIPEI,TWTPE,25.159,121.39100000000002,0.32251138891155307
236,170775,171258,2025-09-28 11:46:05,2025-09-29 04:48:05,False,R5_missing_time_gap,start_to_moored,0.75,2025-09-29 04:50:05,2025-10-01 15:06:05,,False,,TAIPEI,TWTPE,25.159,121.39100000000002,0.6283826546925311,HUALIEN,TWHUN,23.97613,121.62560000000002,0.7449812164835808
237,173007,173319,2025-10-01 15:08:05,2025-10-02 02:28:05,True,,start_to_moored,0.75,2025-10-02 02:30:06,2025-10-02 07:36:05,,False,,HUALIEN,TWHUN,23.97613,121.62560000000002,0.7406199285651697,TAIPEI,TWTPE,25.159,121.39100000000002,0.6283826546925311
238,173474,173808,2025-10-02 07:38:05,2025-10-02 19:54:05,True,,start_to_moored,0.75,2025-10-02 19:56:05,2025-10-03 16:54:05,,False,,TAIPEI,TWTPE,25.159,121.39100000000002,0.3910734342982894,HUALIEN,TWHUN,23.97613,121.62560000000002,0.7406199285651697
239,174439,174445,2025-10-03 16:56:05,2025-10-03 17:08:05,False,R0_same_cluster,start_to_moored,0.75,2025-10-03 17:10:05,2025-10-04 20:40:05,,False,,TAIPEI,TWTPE,25.159,121.39100000000002,0.6267555120081215,TAIPEI,TWTPE,25.159,121.39100000000002,0.3910734342982894
240,175271,175568,2025-10-04 20:42:05,2025-10-05 11:26:05,False,R5_missing_time_gap,start_to_moored,0.75,2025-10-05 11:28:05,2025-10-06 07:38:05,,False,,FUZHOU,CNFOC,26.00031,119.43510000000003,4.548341891305383,TAIPEI,TWTPE,25.159,121.39100000000002,0.6267555120081215
241,176174,176420,2025-10-06 07:40:06,2025-10-06 21:46:05,False,R5_missing_time_gap,start_to_moored,0.75,2025-10-06 21:48:05,2025-10-07 17:56:01,,False,,TAIPEI,TWTPE,25.159,121.39100000000002,0.392977903096966,FUZHOU,CNFOC,26.00031,119.43510000000003,4.548341891305383
242,176977,177344,2025-10-07 17:58:01,2025-10-08 06:56:01,False,R5_missing_time_gap,start_to_moored,0.75,2025-10-08 06:58:01,2025-10-08 18:56:01,,False,,HUALIEN,TWHUN,23.97613,121.62560000000002,0.7462968943822436,TAIPEI,TWTPE,25.159,121.39100000000002,0.392977903096966
243,177705,178115,2025-10-08 18:58:01,2025-10-09 09:28:01,True,,start_to_moored,0.75,2025-10-09 09:30:01,2025-10-10 04:26:00,,False,,TAIPEI,TWTPE,25.159,121.39100000000002,0.38837181438356955,HUALIEN,TWHUN,23.97613,121.62560000000002,0.7462968943822436
244,178684,178684,2025-10-10 04:28:01,2025-10-10 04:28:01,False,R0_same_cluster,start_to_moored,0.75,2025-10-10 04:30:01,2025-10-10 23:00:01,,False,,TAIPEI,TWTPE,25.159,121.39100000000002,0.3934211544190228,TAIPEI,TWTPE,25.159,121.39100000000002,0.38837181438356955
245,179241,179639,2025-10-10 23:02:01,2025-10-11 16:56:01,False,R5_missing_time_gap,start_to_moored,0.75,2025-10-11 16:58:01,2025-10-12 12:06:01,,False,,FUZHOU,CNFOC,26.00031,119.43510000000003,4.5446747791210225,TAIPEI,TWTPE,25.159,121.39100000000002,0.3934211544190228
246,180211,180446,2025-10-12 12:08:01,2025-10-13 02:02:01,False,R5_missing_time_gap,start_to_moored,0.75,2025-10-13 02:04:00,2025-10-13 22:02:00,,False,,TAIPEI,TWTPE,25.159,121.39100000000002,0.39597627696363075,FUZHOU,CNFOC,26.00031,119.43510000000003,4.5446747791210225
247,181009,181323,2025-10-13 22:04:00,2025-10-14 09:16:00,False,R5_missing_time_gap,start_to_moored,0.75,2025-10-14 09:18:00,2025-10-14 15:14:00,,False,,HUALIEN,TWHUN,23.97613,121.62560000000002,0.7460470579696132,TAIPEI,TWTPE,25.159,121.39100000000002,0.39597627696363075
248,181503,181865,2025-10-14 15:16:00,2025-10-15 03:56:00,True,,start_to_moored,0.75,2025-10-15 03:58:00,2025-10-16 01:00:00,,False,,TAIPEI,TWTPE,25.159,121.39100000000002,0.393248688573711,HUALIEN,TWHUN,23.97613,121.62560000000002,0.7460470579696132
249,182498,182755,2025-10-16 01:02:00,2025-10-16 14:10:00,False,R5_missing_time_gap,start_to_moored,0.75,2025-10-16 14:12:00,2025-10-16 20:30:01,,False,,FUZHOU,CNFOC,26.00031,119.43510000000003,4.54909871942159,TAIPEI,TWTPE,25.159,121.39100000000002,0.393248688573711
250,182946,182947,2025-10-16 20:32:00,2025-10-16 20:34:00,False,R0_same_cluster,start_to_moored,0.75,2025-10-16 20:36:01,2025-10-17 05:42:00,,False,,FUZHOU,CNFOC,26.00031,119.43510000000003,4.545001251085805,FUZHOU,CNFOC,26.00031,119.43510000000003,4.54909871942159
251,183222,183479,2025-10-17 05:44:01,2025-10-17 20:24:00,False,R5_missing_time_gap,start_to_moored,0.75,2025-10-17 20:26:00,2025-10-19 03:20:00,,False,,TAIPEI,TWTPE,25.159,121.39100000000002,0.3942758347192141,FUZHOU,CNFOC,26.00031,119.43510000000003,4.545001251085805
252,184408,184798,2025-10-19 03:22:00,2025-10-19 17:38:01,False,R5_missing_time_gap,start_to_anchored,0.5,,,,False,,HUALIEN,TWHUN,23.97613,121.62560000000002,0.7471246574819022,TAIPEI,TWTPE,25.159,121.39100000000002,0.3942758347192141
253,184827,185572,2025-10-19 18:36:00,2025-10-20 20:22:01,True,,start_to_moored,0.75,2025-10-20 20:24:01,2025-10-21 12:36:02,,False,,TAIPEI,TWTPE,25.159,121.39100000000002,0.32002511231921366,HUALIEN,TWHUN,23.97613,121.62560000000002,0.7471246574819022
254,186059,186059,2025-10-21 12:38:03,2025-10-21 12:38:03,False,R0_same_cluster,start_to_moored,0.75,2025-10-21 12:40:01,2025-10-21 17:34:01,,False,,TAIPEI,TWTPE,25.159,121.39100000000002,0.31422171755509687,TAIPEI,TWTPE,25.159,121.39100000000002,0.32002511231921366
255,186204,186204,2025-10-21 17:36:11,2025-10-21 17:36:11,False,R0_same_cluster,start_to_moored,0.75,2025-10-21 17:38:14,2025-10-21 21:08:01,,False,,TAIPEI,TWTPE,25.159,121.39100000000002,0.312714882391724,TAIPEI,TWTPE,25.159,121.39100000000002,0.31422171755509687
256,186307,186307,2025-10-21 21:11:12,2025-10-21 21:11:12,False,R0_same_cluster,start_to_moored,0.75,2025-10-21 21:12:01,2025-10-21 22:56:01,,False,,TAIPEI,TWTPE,25.159,121.39100000000002,0.31635291388184245,TAIPEI,TWTPE,25.159,121.39100000000002,0.312714882391724
257,186361,186362,2025-10-21 22:58:01,2025-10-21 23:00:01,False,R0_same_cluster,start_to_moored,0.75,2025-10-21 23:02:01,2025-10-22 12:56:01,,False,,TAIPEI,TWTPE,25.159,121.39100000000002,0.32072931224992696,TAIPEI,TWTPE,25.159,121.39100000000002,0.31635291388184245
258,186781,186781,2025-10-22 12:58:02,2025-10-22 12:58:02,False,R0_same_cluster,start_to_moored,0.75,2025-10-22 13:00:01,2025-10-23 10:04:01,,False,,TAIPEI,TWTPE,25.159,121.39100000000002,0.3189954512043651,TAIPEI,TWTPE,25.159,121.39100000000002,0.32072931224992696
259,187395,187405,2025-10-23 10:06:04,2025-10-23 10:26:01,False,R0_same_cluster,start_to_moored,0.75,2025-10-23 10:28:01,2025-10-23 13:50:01,,False,,TAIPEI,TWTPE,25.159,121.39100000000002,0.3155455787413919,TAIPEI,TWTPE,25.159,121.39100000000002,0.3189954512043651
260,187508,187509,2025-10-23 13:52:01,2025-10-23 13:54:01,False,R0_same_cluster,start_to_moored,0.75,2025-10-23 13:56:01,2025-10-24 08:30:01,,False,,TAIPEI,TWTPE,25.159,121.39100000000002,0.31902469146180523,TAIPEI,TWTPE,25.159,121.39100000000002,0.3155455787413919
261,188066,188070,2025-10-24 08:32:01,2025-10-24 08:42:01,False,R0_same_cluster,start_to_moored,0.75,2025-10-24 08:44:01,2025-10-24 09:44:01,,False,,TAIPEI,TWTPE,25.159,121.39100000000002,0.3183606196515869,TAIPEI,TWTPE,25.159,121.39100000000002,0.31902469146180523
262,188102,188577,2025-10-24 09:46:01,2025-10-25 03:06:01,True,,start_to_anchored,0.5,,,,False,,HUALIEN,TWHUN,23.97613,121.62560000000002,0.7408237447481517,TAIPEI,TWTPE,25.159,121.39100000000002,0.3183606196515869
263,188604,188841,2025-10-25 04:00:01,2025-10-25 11:54:01,False,R0_same_cluster,start_to_moored,0.75,2025-10-25 11:56:01,2025-10-25 13:08:02,,False,,HUALIEN,TWHUN,23.97613,121.62560000000002,0.7477555962495572,HUALIEN,TWHUN,23.97613,121.62560000000002,0.7408237447481517
264,188879,188930,2025-10-25 13:10:01,2025-10-25 14:52:01,False,R0_same_cluster,start_to_moored,0.75,2025-10-25 14:54:01,2025-10-25 16:02:01,,False,,HUALIEN,TWHUN,23.97613,121.62560000000002,0.7529074360419199,HUALIEN,TWHUN,23.97613,121.62560000000002,0.7477555962495572
265,188966,188967,2025-10-25 16:04:01,2025-10-25 16:06:01,False,R0_same_cluster,start_to_anchored,0.5,,,,False,,HUALIEN,TWHUN,23.97613,121.62560000000002,0.7516007642379501,HUALIEN,TWHUN,23.97613,121.62560000000002,0.7529074360419199
266,188985,189413,2025-10-25 16:42:01,2025-10-26 07:52:01,True,,start_to_moored,0.75,2025-10-26 07:54:01,2025-10-26 12:32:01,,False,,KEELUNG,TWKEL,25.14515,121.75319999999999,1.3449653242953306,HUALIEN,TWHUN,23.97613,121.62560000000002,0.7516007642379501
267,189554,189751,2025-10-26 12:34:01,2025-10-26 19:14:01,True,,start_to_moored,0.75,2025-10-26 19:16:01,2025-10-27 18:18:01,,False,,TAIPEI,TWTPE,25.159,121.39100000000002,0.3942374724987984,KEELUNG,TWKEL,25.14515,121.75319999999999,1.3449653242953306
268,190444,190810,2025-10-27 18:20:01,2025-10-28 13:34:01,False,R5_missing_time_gap,start_to_moored,0.75,2025-10-28 13:36:02,2025-10-30 10:42:02,,False,,FUZHOU,CNFOC,26.00031,119.43510000000003,4.4979661675905245,TAIPEI,TWTPE,25.159,121.39100000000002,0.3942374724987984
269,192159,192163,2025-10-30 10:44:02,2025-10-30 10:52:02,False,R0_same_cluster,start_to_moored,0.75,2025-10-30 10:54:02,2025-10-30 14:46:02,,False,,FUZHOU,CNFOC,26.00031,119.43510000000003,4.61711132615143,FUZHOU,CNFOC,26.00031,119.43510000000003,4.4979661675905245
270,192281,192499,2025-10-30 14:48:02,2025-10-31 05:06:02,False,R5_missing_time_gap,start_to_moored,0.75,2025-10-31 05:08:01,2025-11-01 10:52:02,,False,,TAIPEI,TWTPE,25.159,121.39100000000002,0.39340092709470736,FUZHOU,CNFOC,26.00031,119.43510000000003,4.61711132615143
271,193393,193775,2025-11-01 10:54:02,2025-11-02 00:34:02,False,R5_missing_time_gap,start_to_moored,0.75,2025-11-02 00:36:02,2025-11-02 03:56:02,,False,,HUALIEN,TWHUN,23.97613,121.62560000000002,0.7408361117756437,TAIPEI,TWTPE,25.159,121.39100000000002,0.39340092709470736
272,193877,193898,2025-11-02 03:58:02,2025-11-02 04:40:02,False,R0_same_cluster,start_to_anchored,0.5,,,,False,,HUALIEN,TWHUN,23.97613,121.62560000000002,0.7403205511238685,HUALIEN,TWHUN,23.97613,121.62560000000002,0.7408361117756437
273,193922,194312,2025-11-02 05:28:02,2025-11-02 19:22:02,True,,start_to_moored,0.75,2025-11-02 19:24:02,2025-11-03 21:06:02,,False,,TAIPEI,TWTPE,25.159,121.39100000000002,0.3222702850952377,HUALIEN,TWHUN,23.97613,121.62560000000002,0.7403205511238685
274,195084,195449,2025-11-03 21:08:02,2025-11-04 14:46:02,False,R5_missing_time_gap,start_to_moored,0.75,2025-11-04 14:48:02,2025-11-05 07:48:03,,False,,FUZHOU,CNFOC,26.00031,119.43510000000003,4.545569967792031,TAIPEI,TWTPE,25.159,121.39100000000002,0.3222702850952377
275,195936,196183,2025-11-05 07:50:02,2025-11-06 00:02:02,False,R5_missing_time_gap,start_to_moored,0.75,2025-11-06 00:04:02,2025-11-07 06:00:02,,False,,TAIPEI,TWTPE,25.159,121.39100000000002,0.4394138867452434,FUZHOU,CNFOC,26.00031,119.43510000000003,4.545569967792031
276,197082,197690,2025-11-07 06:02:02,2025-11-08 07:40:02,False,R5_missing_time_gap,start_to_moored,0.75,2025-11-08 07:42:02,2025-11-08 15:38:02,,False,,LUOYUAN,CNLYA,26.46016,119.67079999999999,2.729926272725392,TAIPEI,TWTPE,25.159,121.39100000000002,0.4394138867452434
277,197930,198152,2025-11-08 15:40:02,2025-11-09 05:18:02,False,R5_missing_time_gap,start_to_moored,0.75,2025-11-09 05:20:02,2025-11-12 00:04:02,,False,,TAIPEI,TWTPE,25.159,121.39100000000002,0.6277844715916792,LUOYUAN,CNLYA,26.46016,119.67079999999999,2.729926272725392
278,200156,200156,2025-11-12 00:06:03,2025-11-12 00:06:03,False,R0_same_cluster,start_to_moored,0.75,2025-11-12 00:08:02,2025-11-12 17:08:03,,False,,TAIPEI,TWTPE,25.159,121.39100000000002,0.6323810075938959,TAIPEI,TWTPE,25.159,121.39100000000002,0.6277844715916792
279,200666,200667,2025-11-12 17:10:03,2025-11-12 17:12:03,False,R0_same_cluster,start_to_moored,0.75,2025-11-12 17:14:03,2025-11-13 20:56:03,,False,,TAIPEI,TWTPE,25.159,121.39100000000002,0.6310867775779836,TAIPEI,TWTPE,25.159,121.39100000000002,0.6323810075938959
280,201500,202061,2025-11-13 20:58:03,2025-11-14 18:44:03,False,R5_missing_time_gap,start_to_anchored,0.5,,,,False,,HUALIEN,TWHUN,23.97613,121.62560000000002,0.749889806813523,TAIPEI,TWTPE,25.159,121.39100000000002,0.6310867775779836
281,202079,202087,2025-11-14 19:20:03,2025-11-14 19:36:03,False,R0_same_cluster,start_to_anchored,0.5,,,,False,,HUALIEN,TWHUN,23.97613,121.62560000000002,0.7574005482661011,HUALIEN,TWHUN,23.97613,121.62560000000002,0.749889806813523
282,202104,202121,2025-11-14 20:10:03,2025-11-14 20:44:03,False,R0_same_cluster,start_to_anchored,0.5,,,,False,,HUALIEN,TWHUN,23.97613,121.62560000000002,0.7535795287426224,HUALIEN,TWHUN,23.97613,121.62560000000002,0.7574005482661011
283,202142,202191,2025-11-14 21:26:03,2025-11-14 23:04:03,False,R0_same_cluster,start_to_moored,0.75,2025-11-14 23:06:03,2025-11-15 02:16:03,,False,,HUALIEN,TWHUN,23.97613,121.62560000000002,0.7420273713011445,HUALIEN,TWHUN,23.97613,121.62560000000002,0.7535795287426224
284,202288,202289,2025-11-15 02:18:03,2025-11-15 02:20:03,False,R0_same_cluster,start_to_moored,0.75,2025-11-15 02:22:03,2025-11-15 06:02:03,,False,,HUALIEN,TWHUN,23.97613,121.62560000000002,0.7398675224952113,HUALIEN,TWHUN,23.97613,121.62560000000002,0.7420273713011445
285,202401,202417,2025-11-15 06:04:03,2025-11-15 06:36:03,False,R0_same_cluster,start_to_moored,0.75,2025-11-15 06:38:03,2025-11-15 10:42:03,,False,,HUALIEN,TWHUN,23.97613,121.62560000000002,0.740249314396646,HUALIEN,TWHUN,23.97613,121.62560000000002,0.7398675224952113
286,202541,202565,2025-11-15 10:44:03,2025-11-15 11:32:03,False,R0_same_cluster,start_to_moored,0.75,2025-11-15 11:34:03,2025-11-15 13:38:03,,False,,HUALIEN,TWHUN,23.97613,121.62560000000002,0.7467104602055844,HUALIEN,TWHUN,23.97613,121.62560000000002,0.740249314396646
287,202629,203461,2025-11-15 13:40:03,2025-11-17 00:50:03,True,,start_to_moored,0.75,2025-11-17 00:52:05,2025-11-17 23:34:11,,False,,TAIPEI,TWTPE,25.159,121.39100000000002,0.32096435083136915,HUALIEN,TWHUN,23.97613,121.62560000000002,0.7467104602055844
288,204088,204093,2025-11-17 23:36:04,2025-11-17 23:48:03,False,R0_same_cluster,start_to_anchored,0.5,,,,False,,TAIPEI,TWTPE,25.159,121.39100000000002,0.32466967282461584,TAIPEI,TWTPE,25.159,121.39100000000002,0.32096435083136915
